episode,goal_angle,cumulative_reward,success,episode_length,final_absolute_error,epsilon,mean_loss,optimization_steps,replay_buffer_size,elapsed_seconds
1,0.43832968,-133.23648062,0,150,1.21514141,1.00000000,,0,150,0.5781
2,0.24367882,-70.33018281,0,150,0.68030595,0.99500000,,0,300,1.3093
3,-0.60389518,-94.72294353,0,150,0.94636306,0.99002500,,0,450,1.9075
4,0.11700905,-23.87923268,0,150,0.24869673,0.98507488,0.05254479,101,600,2.9318
5,0.64896684,-57.13213375,1,125,0.02114559,0.98014950,0.01114666,226,725,3.6695
6,0.38688319,-91.97343545,0,150,0.40847917,0.97524875,0.03702939,376,875,4.6574
7,-0.17968020,11.10672924,1,72,0.02206766,0.97037251,0.01748669,448,947,5.1810
8,-0.21943329,-133.29012354,0,150,1.69814781,0.96552065,0.04997847,598,1097,6.2105
9,0.45987631,-136.75792789,0,150,1.06907549,0.96069304,0.03151509,748,1247,7.1709
10,0.70790591,-55.93818594,0,150,0.69836479,0.95588958,0.03394110,898,1397,9.4162
11,0.18522073,2.47981929,1,128,0.02442224,0.95111013,0.03924889,1026,1525,10.3533
12,-0.78219681,-88.93420324,0,150,0.76184574,0.94635458,0.04103073,1176,1675,11.4345
13,-0.44407753,-52.19943090,0,150,0.90292233,0.94162281,0.03671474,1326,1825,12.4129
14,0.53160349,-21.96152742,0,150,0.63477532,0.93691469,0.03033879,1476,1975,13.4585
15,0.36180168,13.87433559,1,80,0.01693815,0.93223012,0.03783277,1556,2055,13.9590
16,0.29466673,-54.84144018,0,150,0.98824733,0.92756897,0.03410361,1706,2205,14.9609
17,-0.30558112,-233.34749621,0,150,1.96748894,0.92293112,0.03412087,1856,2355,16.1034
18,0.14039545,16.57631359,1,19,0.00338221,0.91831647,0.03047337,1875,2374,16.2101
19,-0.28114590,-149.83460963,0,150,1.52129330,0.91372489,0.03823693,2025,2524,17.1911
20,-0.20100115,-16.16146486,0,150,0.32572594,0.90915626,0.03679757,2175,2674,18.3633
21,0.17491227,12.99264719,1,32,0.02786203,0.90461048,0.02814725,2207,2706,18.5862
22,0.09612700,16.90774864,1,16,0.02330008,0.90008743,0.03054735,2223,2722,18.6840
23,0.70958952,-12.54495778,1,96,0.03575358,0.89558699,0.04108753,2319,2818,19.3175
24,-0.72417362,-53.99127174,0,150,0.10569813,0.89110906,0.03283775,2469,2968,20.2154
25,0.67797420,-59.39556523,0,150,0.29580715,0.88665351,0.03855045,2619,3118,21.2111
26,-0.13706960,16.68622412,1,18,0.00485709,0.88222024,0.03744290,2637,3136,21.3176
27,-0.02501324,17.61932342,1,8,0.01213355,0.87780914,0.02120403,2645,3144,21.4062
28,0.12859580,-77.58701407,0,150,0.56542449,0.87342010,0.03970803,2795,3294,22.6668
29,-0.19082425,1.81778352,1,112,0.01902262,0.86905300,0.03937922,2907,3406,23.6546
30,-0.39453812,-31.25989679,0,150,0.19996626,0.86470773,0.04365223,3057,3556,24.8113
31,0.54053878,-17.58072142,1,97,0.01057223,0.86038419,0.04027391,3154,3653,25.4315
32,-0.01178210,22.91439148,1,34,0.01752578,0.85608227,0.04896272,3188,3687,25.6617
33,0.63100523,-44.92002365,1,99,0.00267625,0.85180186,0.04077696,3287,3786,26.2927
34,-0.45873331,8.64943759,1,38,0.01349155,0.84754285,0.03896125,3325,3824,26.5902
35,0.49013041,-32.42978545,0,150,0.18346330,0.84330514,0.04143085,3475,3974,27.6400
36,0.45749169,16.97450663,1,130,0.02106176,0.83908861,0.04403458,3605,4104,28.4312
37,-0.12981906,16.19204129,1,22,0.01632777,0.83489317,0.04397885,3627,4126,28.5790
38,0.67136382,10.54529193,1,77,0.02366459,0.83071870,0.04826738,3704,4203,29.1110
39,0.37838613,-42.07478505,0,150,0.28015634,0.82656511,0.04715885,3854,4353,30.2214
40,-0.10541873,12.35328978,1,82,0.00649031,0.82243228,0.03962748,3936,4435,30.8528
41,0.79622200,4.86274138,0,150,0.03457166,0.81832012,0.04687736,4086,4585,32.0512
42,-0.29373709,8.73242874,1,64,0.01821946,0.81422852,0.04875662,4150,4649,32.6318
43,0.37135718,15.62560608,1,51,0.03871328,0.81015738,0.04424549,4201,4700,32.9434
44,-0.72908321,-5.29983165,1,66,0.01318913,0.80610659,0.04863600,4267,4766,33.3710
45,0.18473971,-27.30565874,0,150,0.44172649,0.80207606,0.04985738,4417,4916,34.3734
46,0.11321029,-3.55193143,0,150,0.01279026,0.79806568,0.04580859,4567,5066,35.5681
47,-0.47000750,9.58642963,0,150,0.03708431,0.79407535,0.04165410,4717,5216,36.7127
48,0.12124343,18.98984608,1,35,0.01976788,0.79010497,0.03694772,4752,5251,36.9300
49,-0.20426755,16.82636946,1,32,0.00964267,0.78615445,0.04417538,4784,5283,37.1650
50,-0.34706711,10.87171033,1,66,0.01794255,0.78222368,0.04509607,4850,5349,37.9754
51,0.16138287,16.28028250,1,17,0.00733446,0.77831256,0.04513023,4867,5366,38.2349
52,0.77678460,2.65740819,1,111,0.01463174,0.77442099,0.04119075,4978,5477,39.2617
53,-0.41652652,12.91545881,1,44,0.00292034,0.77054889,0.03995841,5022,5521,39.5386
54,0.06633041,17.65091737,1,10,0.01284239,0.76669614,0.03780883,5032,5531,39.6151
55,0.36667044,14.27875546,1,45,0.00246291,0.76286266,0.04256767,5077,5576,39.9034
56,0.27883745,5.34881677,1,137,0.00728275,0.75904835,0.04004282,5214,5713,40.8175
57,0.70984887,4.82605170,1,34,0.01049778,0.75525311,0.04410076,5248,5747,41.0421
58,0.00964908,28.73460559,1,43,0.01633315,0.75147684,0.05217453,5291,5790,41.2986
59,0.53597061,20.94314721,1,43,0.00201316,0.74771946,0.03883342,5334,5833,41.6086
60,0.70965201,-5.83441542,1,144,0.00748021,0.74398086,0.04002550,5478,5977,42.5226
61,-0.54401417,5.51326046,1,139,0.00554181,0.74026096,0.04423750,5617,6116,43.3605
62,-0.29970683,-21.77375191,0,150,0.04134833,0.73655965,0.04216784,5767,6266,44.4237
63,0.54170370,10.80299028,1,30,0.01552365,0.73287685,0.04342144,5797,6296,44.6277
64,0.22111253,-0.54404024,1,76,0.00248222,0.72921247,0.03910242,5873,6372,45.1004
65,0.77185257,9.62672161,1,29,0.00087211,0.72556641,0.03921345,5902,6401,45.3175
66,0.23765747,15.91595014,1,90,0.00401882,0.72193858,0.03851084,5992,6491,45.9272
67,0.56959011,10.27505086,1,26,0.00813472,0.71832888,0.04392466,6018,6517,46.1459
68,0.06998760,17.41724174,1,12,0.02043701,0.71473724,0.04422508,6030,6529,46.2393
69,0.68878850,1.89545545,1,43,0.03276421,0.71116355,0.03751316,6073,6572,46.5482
70,-0.55414183,18.76620300,1,31,0.00877319,0.70760773,0.03496396,6104,6603,46.8065
71,-0.61366558,1.82324140,1,61,0.01533692,0.70406970,0.04037266,6165,6664,47.2793
72,-0.68707503,8.11380719,1,45,0.00664248,0.70054935,0.04028667,6210,6709,47.5837
73,0.36462124,16.78580164,1,87,0.00586565,0.69704660,0.04782314,6297,6796,48.1256
74,0.32374084,15.10191720,1,23,0.03155932,0.69356137,0.04342721,6320,6819,48.2980
75,-0.52420837,13.05826097,1,23,0.02703532,0.69009356,0.03924985,6343,6842,48.4835
76,0.60001882,11.92169971,1,36,0.02817935,0.68664309,0.03718742,6379,6878,48.7320
77,0.68910343,2.61131373,1,35,0.01477757,0.68320988,0.04242801,6414,6913,48.9968
78,0.72998464,4.60652323,1,92,0.00362381,0.67979383,0.04046322,6506,7005,49.5979
79,0.56598649,-1.65543125,1,57,0.03016835,0.67639486,0.04847906,6563,7062,49.9352
80,0.21250529,10.83956697,1,66,0.00259239,0.67301288,0.03896007,6629,7128,50.3564
81,0.52056412,8.94118120,1,35,0.00507575,0.66964782,0.03695054,6664,7163,50.5637
82,0.29176298,16.21336243,1,16,0.01760719,0.66629958,0.03770769,6680,7179,50.6687
83,0.45640498,14.14051438,1,22,0.02188122,0.66296808,0.03607933,6702,7201,50.8128
84,0.56279917,10.98941785,1,30,0.01745122,0.65965324,0.03678932,6732,7231,51.0139
85,-0.79011828,5.89348239,1,32,0.03879482,0.65635498,0.04860799,6764,7263,51.2229
86,-0.70005349,11.94571509,1,66,0.01778430,0.65307320,0.04312077,6830,7329,51.6250
87,0.25468688,19.29811846,1,23,0.02759062,0.64980784,0.03910314,6853,7352,51.7708
88,-0.18509380,15.73394857,1,22,0.00885659,0.64655880,0.03654958,6875,7374,51.9368
89,-0.07475137,24.83753430,1,22,0.03497539,0.64332600,0.04022628,6897,7396,52.0909
90,0.23434165,20.59294760,1,38,0.02585971,0.64010937,0.04068584,6935,7434,52.4360
91,-0.57183788,14.20782145,1,34,0.00408679,0.63690883,0.04212137,6969,7468,52.7927
92,0.76024203,4.53867309,1,70,0.00231916,0.63372428,0.04520966,7039,7538,53.4084
93,0.74955597,3.03968671,1,52,0.01511379,0.63055566,0.04174351,7091,7590,53.8198
94,0.07717185,17.42332088,1,10,0.02772451,0.62740288,0.04068881,7101,7600,53.8971
95,-0.59609277,10.51198270,1,34,0.00799962,0.62426587,0.04284551,7135,7634,54.1436
96,0.57309128,12.84200048,1,22,0.00423964,0.62114454,0.04112880,7157,7656,54.3095
97,0.11699230,17.16001781,1,12,0.00776462,0.61803882,0.04190734,7169,7668,54.4004
98,-0.13318000,17.11663991,1,14,0.00389296,0.61494862,0.04539293,7183,7682,54.5233
99,0.26819208,16.27105733,1,16,0.00392361,0.61187388,0.04071412,7199,7698,54.6301
100,0.37807441,15.10991168,1,21,0.01018713,0.60881451,0.04362986,7220,7719,54.7623
101,-0.76433589,5.49729361,1,46,0.01241401,0.60577044,0.05107823,7266,7765,55.0604
102,-0.13868774,16.82394497,1,15,0.00479343,0.60274158,0.05802149,7281,7780,55.1476
103,0.46841894,13.63720138,1,34,0.00003867,0.59972788,0.04558386,7315,7814,55.3625
104,0.16100889,16.42785598,1,18,0.01008288,0.59672924,0.04898410,7333,7832,55.4735
105,0.48080647,10.58982076,1,28,0.01965366,0.59374559,0.04580299,7361,7860,55.6681
106,0.78317869,5.80606695,1,60,0.02061176,0.59077686,0.04524925,7421,7920,56.0325
107,0.21991880,15.81006427,1,20,0.00049276,0.58782298,0.04606832,7441,7940,56.1481
108,-0.66875888,-2.17427294,1,70,0.01595180,0.58488386,0.04119987,7511,8010,56.5641
109,-0.79228473,-3.07560087,1,129,0.02232859,0.58195944,0.05213275,7640,8139,57.3091
110,-0.01312985,20.54774341,1,12,0.00647795,0.57904965,0.04687151,7652,8151,57.3882
111,-0.45034768,13.70387886,1,30,0.02450439,0.57615440,0.04280905,7682,8181,57.5715
112,0.69628604,9.43138383,1,27,0.00272479,0.57327363,0.04805441,7709,8208,57.7418
113,0.13415465,17.04537625,1,12,0.00790176,0.57040726,0.04387560,7721,8220,57.8527
114,-0.30163228,19.87770621,1,53,0.01466971,0.56755522,0.05085797,7774,8273,58.2051
115,-0.57804783,12.34544469,1,23,0.00402589,0.56471745,0.05067040,7797,8296,58.3535
116,-0.37905325,13.91552757,1,22,0.01829138,0.56189386,0.05675243,7819,8318,58.5031
117,0.75061035,6.22491249,1,69,0.03050114,0.55908439,0.05624519,7888,8387,58.9240
118,0.49590573,6.75683522,1,37,0.01606511,0.55628897,0.04706295,7925,8424,59.1320
119,0.08735987,17.10524961,1,13,0.00441138,0.55350752,0.05679400,7938,8437,59.2066
120,-0.05022463,17.68661143,1,9,0.00555725,0.55073999,0.04040361,7947,8446,59.2557
121,-0.68525151,16.27874656,1,41,0.00483339,0.54798629,0.05318606,7988,8487,59.4945
122,0.49062578,12.70770444,1,23,0.01130749,0.54524635,0.05777283,8011,8510,59.6348
123,-0.68313555,5.07775197,1,34,0.00729887,0.54252012,0.05595596,8045,8544,59.8398
124,-0.05970927,21.50015342,1,35,0.00780792,0.53980752,0.05316523,8080,8579,60.0678
125,0.34598603,12.99931339,1,41,0.01685269,0.53710848,0.05721376,8121,8620,60.3085
126,-0.61495309,-1.01487716,1,46,0.00347148,0.53442294,0.05723900,8167,8666,60.5755
127,-0.36764067,15.07232896,1,20,0.00630173,0.53175083,0.05206580,8187,8686,60.7096
128,-0.03759965,17.69304296,1,8,0.00010750,0.52909207,0.04613590,8195,8694,60.7759
129,0.45986960,14.69802390,1,19,0.02649935,0.52644661,0.05323348,8214,8713,60.9118
130,-0.63600907,4.32052089,1,60,0.02688665,0.52381438,0.05595894,8274,8773,61.3144
131,-0.52763299,11.67813758,1,26,0.01220301,0.52119531,0.05318268,8300,8799,61.5191
132,-0.69070974,3.08446094,1,56,0.00950129,0.51858933,0.06329795,8356,8855,61.8798
133,0.67320188,6.72920496,1,56,0.00683086,0.51599638,0.05547853,8412,8911,62.2477
134,0.10124802,14.88966655,1,85,0.00663291,0.51341640,0.04915047,8497,8996,62.8207
135,0.65407451,5.71194901,1,36,0.02367423,0.51084932,0.06761253,8533,9032,63.0542
136,-0.02240328,17.57132302,1,8,0.01617310,0.50829507,0.05736720,8541,9040,63.1098
137,0.41732411,11.79667536,1,29,0.02088361,0.50575360,0.05311443,8570,9069,63.2907
138,0.66891125,11.00438828,1,28,0.00185700,0.50322483,0.05169794,8598,9097,63.4702
139,0.12169016,17.03374514,1,17,0.00260956,0.50070871,0.06190078,8615,9114,63.5906
140,0.45796682,11.53451230,1,28,0.02384691,0.49820516,0.06456441,8643,9142,63.8715
141,-0.53443635,13.39656302,1,37,0.00379932,0.49571414,0.06262669,8680,9179,64.1253
142,0.72231445,8.75988755,1,32,0.01583381,0.49323557,0.06440225,8712,9211,64.3511
143,-0.77154935,9.11547580,1,48,0.00931720,0.49076939,0.06354078,8760,9259,64.7001
144,-0.44867504,13.56710130,1,23,0.01221314,0.48831554,0.07914574,8783,9282,64.8421
145,0.07560709,17.27014707,1,10,0.00218409,0.48587396,0.07154620,8793,9292,64.9031
146,-0.39327046,14.50070659,1,22,0.01452987,0.48344459,0.08061492,8815,9314,65.0874
147,-0.64622244,7.65780878,1,36,0.00327704,0.48102737,0.06926730,8851,9350,65.3160
148,-0.02101872,21.16819395,1,16,0.02164979,0.47862223,0.08083918,8867,9366,65.4143
149,0.05063058,17.53745737,1,12,0.00179472,0.47622912,0.07057280,8879,9378,65.4948
150,0.75614600,1.85353919,1,38,0.00255035,0.47384798,0.07423216,8917,9416,65.7226
151,0.25446987,15.80625798,1,19,0.01055310,0.47147874,0.06443934,8936,9435,65.8434
152,0.00961583,20.28950666,1,27,0.00128190,0.46912134,0.06666574,8963,9462,66.0260
153,0.58356690,17.68655003,1,34,0.00267275,0.46677574,0.05832909,8997,9496,66.2345
154,-0.74503938,9.87785077,1,27,0.00234723,0.46444186,0.07663439,9024,9523,66.4139
155,0.61126734,20.19021415,1,43,0.00439657,0.46211965,0.07467355,9067,9566,66.6850
156,0.69530582,11.09421026,1,24,0.00648919,0.45980905,0.08526847,9091,9590,66.8533
157,0.47773750,10.98001057,1,34,0.00415690,0.45751001,0.07789512,9125,9624,67.1599
158,0.27830180,16.79630352,1,27,0.00234935,0.45522246,0.07709033,9152,9651,67.5125
159,0.23493463,16.18094534,1,17,0.00068084,0.45294634,0.06540336,9169,9668,67.8256
160,0.78517399,9.57070254,1,27,0.00037381,0.45068161,0.07221558,9196,9695,68.5819
161,-0.24594000,14.90485876,1,22,0.01754970,0.44842820,0.07994441,9218,9717,68.9813
162,0.44950888,18.18703410,1,31,0.00265235,0.44618606,0.06491884,9249,9748,69.4461
163,0.05829615,17.50929189,1,9,0.00682067,0.44395513,0.11205649,9258,9757,69.5314
164,0.65309698,5.44428594,1,42,0.01491548,0.44173536,0.07147752,9300,9799,69.8752
165,0.57921505,12.17199166,1,25,0.00889613,0.43952668,0.07226490,9325,9824,70.0413
166,-0.35798944,15.58035749,1,17,0.00904054,0.43732905,0.10519102,9342,9841,70.1505
167,0.72675547,11.49588070,1,23,0.01090475,0.43514240,0.09632756,9365,9864,70.3059
168,-0.34392800,20.27006046,1,26,0.00223118,0.43296669,0.07570617,9391,9890,70.4768
169,0.35500649,21.24523280,1,42,0.00030937,0.43080186,0.07211357,9433,9932,70.7473
170,-0.08526263,17.00000518,1,16,0.00394194,0.42864785,0.07075447,9449,9948,70.8518
171,0.11608945,17.06435978,1,14,0.01437524,0.42650461,0.07324245,9463,9962,70.9844
172,0.24137709,16.57866063,1,15,0.02892912,0.42437208,0.07627434,9478,9977,71.1264
173,-0.64879108,11.52869239,1,46,0.00885840,0.42225022,0.07775722,9524,10023,71.5236
174,0.65753386,9.27956392,1,28,0.01512657,0.42013897,0.07849942,9552,10051,71.7020
175,0.67157953,6.37102513,1,33,0.01117981,0.41803828,0.09443661,9585,10084,71.9426
176,0.57372537,13.68703697,1,19,0.00418470,0.41594809,0.09300436,9604,10103,72.0671
177,0.76879027,8.76022859,1,27,0.00203307,0.41386835,0.08280787,9631,10130,72.2456
178,0.30094907,16.13773250,1,15,0.00036427,0.41179900,0.08518027,9646,10145,72.3350
179,0.62502752,8.67400934,1,30,0.01053725,0.40974001,0.08712668,9676,10175,72.5446
180,-0.07209707,13.86487217,1,30,0.00502919,0.40769131,0.09296653,9706,10205,72.7691
181,-0.19646566,16.13948902,1,17,0.00376805,0.40565285,0.08085035,9723,10222,72.8799
182,0.61877997,11.00672000,1,25,0.00018664,0.40362459,0.09314262,9748,10247,73.0467
183,0.06537311,17.69533020,1,10,0.00126939,0.40160647,0.10595003,9758,10257,73.1068
184,0.16404578,16.95606481,1,13,0.01483939,0.39959843,0.11423222,9771,10270,73.1936
185,0.27524283,12.36910823,1,29,0.00742060,0.39760044,0.08795590,9800,10299,73.4143
186,-0.00502107,17.75427538,1,8,0.01215626,0.39561244,0.09711788,9808,10307,73.4713
187,0.25825495,15.83103475,1,18,0.01433728,0.39363438,0.10496988,9826,10325,73.6181
188,0.61007928,12.00433760,1,23,0.01275835,0.39166620,0.09008984,9849,10348,73.7597
189,-0.78678408,7.72919653,1,29,0.02804210,0.38970787,0.09517438,9878,10377,73.9565
190,0.07642877,17.58477362,1,10,0.01232505,0.38775933,0.07460496,9888,10387,74.0403
191,0.12728886,17.16778622,1,12,0.02717205,0.38582054,0.11277648,9900,10399,74.1168
192,-0.64877777,12.84656462,1,30,0.01049489,0.38389143,0.11383752,9930,10429,74.3360
193,0.48067255,12.43193868,1,26,0.01541183,0.38197198,0.08410095,9956,10455,74.5774
194,-0.00172409,17.60667271,1,8,0.00320917,0.38006212,0.09335244,9964,10463,74.6532
195,0.52421246,11.19187999,1,28,0.00514421,0.37816181,0.08265029,9992,10491,74.8444
196,-0.03575375,17.54029233,1,10,0.00329481,0.37627100,0.09535665,10002,10501,74.9291
197,-0.14097278,17.10499420,1,13,0.00547570,0.37438964,0.08380953,10015,10514,75.0099
198,-0.77573384,9.21330069,1,27,0.01731310,0.37251769,0.08699183,10042,10541,75.1814
199,0.25458272,16.03996176,1,18,0.01078471,0.37065511,0.08311238,10060,10559,75.3315
200,-0.44712470,18.14270821,1,31,0.01564949,0.36880183,0.10672490,10091,10590,75.5556
201,-0.66174323,12.28660838,1,22,0.00724139,0.36695782,0.09413819,10113,10612,75.7102
202,-0.04723024,17.62856134,1,9,0.01270798,0.36512303,0.09366290,10122,10621,75.7719
203,-0.65255067,12.45739191,1,22,0.01014872,0.36329742,0.09059994,10144,10643,75.9084
204,-0.14794845,16.87557979,1,15,0.00037731,0.36148093,0.09427374,10159,10658,76.0061
205,-0.39614325,12.64418541,1,26,0.03645679,0.35967353,0.09884317,10185,10684,76.1653
206,0.41378080,14.38441180,1,19,0.01841592,0.35787516,0.10007911,10204,10703,76.2730
207,0.24596738,16.41538192,1,16,0.00242628,0.35608578,0.09622994,10220,10719,76.3784
208,0.71858652,11.45616855,1,23,0.03486784,0.35430535,0.08634808,10243,10742,76.5340
209,-0.47366811,15.95599633,1,27,0.00632197,0.35253383,0.08509324,10270,10769,76.7313
210,0.08165696,17.58355870,1,10,0.00004813,0.35077116,0.12708416,10280,10779,76.7973
211,0.10023651,17.27465521,1,13,0.00132030,0.34901730,0.09888883,10293,10792,76.8861
212,-0.39187978,14.41135255,1,22,0.02286757,0.34727222,0.08905642,10315,10814,77.0585
213,-0.08884428,17.59261988,1,11,0.00806994,0.34553585,0.10387934,10326,10825,77.1665
214,0.49369719,13.84447636,1,21,0.00003402,0.34380817,0.08550827,10347,10846,77.3699
215,0.34557186,14.68535897,1,21,0.00154806,0.34208913,0.09978649,10368,10867,77.5888
216,0.39501508,15.33605350,1,18,0.00203171,0.34037869,0.13738431,10386,10885,77.7716
217,-0.23797407,16.61909731,1,15,0.00607538,0.33867679,0.14146358,10401,10900,77.9657
218,0.15956888,17.04438201,1,15,0.00369051,0.33698341,0.08850940,10416,10915,78.1044
219,0.69046981,8.45990416,1,28,0.01291578,0.33529849,0.11338488,10444,10943,78.3832
220,-0.25037858,16.31552375,1,16,0.00146687,0.33362200,0.09664488,10460,10959,78.5914
221,0.54489188,11.79387040,1,26,0.00211384,0.33195389,0.11049115,10486,10985,78.7907
222,-0.26035695,17.80005821,1,25,0.01385663,0.33029412,0.08893239,10511,11010,79.0276
223,-0.19335398,16.70034276,1,16,0.00177575,0.32864265,0.09968328,10527,11026,79.1803
224,-0.29511368,15.68135458,1,18,0.02825796,0.32699944,0.14007534,10545,11044,79.3057
225,-0.47134574,12.87034930,1,25,0.01030924,0.32536444,0.11546980,10570,11069,79.5171
226,0.12505313,17.04152164,1,13,0.02362140,0.32373762,0.10118447,10583,11082,79.6390
227,0.74030690,10.12308127,1,25,0.01132275,0.32211893,0.08519782,10608,11107,79.8283
228,-0.30293928,15.57732193,1,19,0.00460513,0.32050834,0.10491934,10627,11126,79.9761
229,-0.17823421,16.79016835,1,13,0.01502747,0.31890579,0.09534637,10640,11139,80.0885
230,0.45116721,16.88960018,1,37,0.02557795,0.31731127,0.10536175,10677,11176,80.3580
231,-0.10537804,22.08111355,1,30,0.01564427,0.31572471,0.09945982,10707,11206,80.5748
232,-0.49250674,14.43629679,1,19,0.00143347,0.31414609,0.08984659,10726,11225,80.7138
233,0.76175965,10.40928905,1,25,0.00446610,0.31257535,0.09459388,10751,11250,80.8570
234,0.67987095,10.71462015,1,25,0.00110295,0.31101248,0.09366404,10776,11275,81.0006
235,0.51532540,13.26263884,1,22,0.00087949,0.30945742,0.09730674,10798,11297,81.1320
236,0.02138863,17.76287150,1,8,0.00003294,0.30791013,0.11585710,10806,11305,81.1884
237,0.31860946,16.00876110,1,16,0.01658881,0.30637058,0.10754985,10822,11321,81.2933
238,-0.71918308,10.91080767,1,26,0.00406038,0.30483873,0.12858453,10848,11347,81.4871
239,0.79609278,8.57780681,1,39,0.00607471,0.30331453,0.09086013,10887,11386,81.7502
240,-0.08927153,17.09936698,1,16,0.00240312,0.30179796,0.09908034,10903,11402,81.8708
241,0.19924649,16.86320740,1,14,0.00228832,0.30028897,0.09647507,10917,11416,82.0121
242,0.39303261,15.13791013,1,19,0.00646859,0.29878752,0.11376218,10936,11435,82.2117
243,0.20823894,16.66288215,1,16,0.00239079,0.29729359,0.08524780,10952,11451,82.4058
244,-0.73315983,9.06872635,1,27,0.00382436,0.29580712,0.08421337,10979,11478,82.7312
245,-0.11606084,17.40482663,1,12,0.00403812,0.29432808,0.12058225,10991,11490,82.8416
246,0.56207828,14.65186344,1,27,0.02512706,0.29285644,0.10212630,11018,11517,83.1120
247,0.37343601,15.75657371,1,16,0.00452353,0.29139216,0.10137512,11034,11533,83.2739
248,0.54852044,13.70303751,1,20,0.01883768,0.28993520,0.11214227,11054,11553,83.4671
249,-0.17158075,17.05196157,1,13,0.01074484,0.28848552,0.11135630,11067,11566,83.6153
250,-0.49105224,13.17475907,1,22,0.01513014,0.28704310,0.10253433,11089,11588,83.8438
251,0.37107603,15.62377562,1,17,0.00320664,0.28560788,0.10618712,11106,11605,83.9812
252,0.30761203,13.29556612,1,24,0.00571394,0.28417984,0.10690903,11130,11629,84.1756
253,0.23477834,16.71676859,1,14,0.00262005,0.28275894,0.11333042,11144,11643,84.2603
254,-0.57394654,11.60162244,1,24,0.01348925,0.28134515,0.11401819,11168,11667,84.3979
255,0.26310541,14.97213308,1,20,0.00357367,0.27993842,0.10623216,11188,11687,84.5241
256,-0.68071982,9.58268780,1,28,0.02554379,0.27853873,0.11219838,11216,11715,84.7196
257,0.02779896,17.58410184,1,8,0.00340995,0.27714604,0.08239283,11224,11723,84.7693
258,0.33918184,15.60803887,1,17,0.03819158,0.27576031,0.11165933,11241,11740,84.8847
259,0.27259214,16.54168335,1,14,0.00057541,0.27438150,0.10567956,11255,11754,84.9860
260,-0.15881494,21.95377412,1,25,0.01364894,0.27300960,0.11567440,11280,11779,85.1745
261,0.41559407,15.31907889,1,18,0.00745524,0.27164455,0.12890814,11298,11797,85.3214
262,-0.45690813,17.74988708,1,28,0.00500873,0.27028633,0.09492687,11326,11825,85.5772
263,0.09918333,17.50933370,1,11,0.01993004,0.26893489,0.13141695,11337,11836,85.6477
264,0.34436289,15.79950764,1,16,0.01154417,0.26759022,0.12195756,11353,11852,85.7506
265,-0.70705494,12.70809977,1,32,0.00388348,0.26625227,0.08152066,11385,11884,85.9579
266,0.21267253,17.28669106,1,28,0.02004175,0.26492101,0.12407002,11413,11912,86.1555
267,0.29814007,16.38138502,1,15,0.00337479,0.26359640,0.11776573,11428,11927,86.2634
268,-0.42632682,14.26748412,1,20,0.00690192,0.26227842,0.11505135,11448,11947,86.4005
269,0.02974860,17.73096494,1,8,0.00089432,0.26096703,0.14953492,11456,11955,86.4577
270,-0.55894649,13.25629025,1,22,0.00108598,0.25966219,0.10716083,11478,11977,86.6116
271,0.07897408,17.49967996,1,10,0.00338773,0.25836388,0.10700830,11488,11987,86.6847
272,0.21091588,16.00026762,1,18,0.01008320,0.25707206,0.14875805,11506,12005,86.8379
273,0.67606748,12.37503086,1,22,0.00855656,0.25578670,0.09562166,11528,12027,87.0145
274,0.45678018,14.49775730,1,20,0.00485205,0.25450777,0.12945113,11548,12047,87.1449
275,0.79444247,10.15303449,1,24,0.00907117,0.25323523,0.12281735,11572,12071,87.3014
276,0.69486477,10.73725605,1,24,0.00195758,0.25196905,0.11580634,11596,12095,87.4464
277,0.73424705,10.75644688,1,27,0.00191701,0.25070921,0.10657404,11623,12122,87.6423
278,-0.46118098,14.30761507,1,20,0.00477625,0.24945566,0.11619089,11643,12142,87.7725
279,0.50221716,13.41210038,1,26,0.00268203,0.24820838,0.11806908,11669,12168,87.9623
280,0.25402671,16.57263250,1,14,0.00618942,0.24696734,0.09447909,11683,12182,88.0544
281,-0.30614653,16.25895515,1,16,0.00632428,0.24573251,0.13309256,11699,12198,88.1626
282,-0.35389965,15.22603871,1,20,0.00494469,0.24450384,0.11971425,11719,12218,88.2871
283,-0.40946362,15.41373624,1,17,0.00305921,0.24328132,0.12757654,11736,12235,88.4077
284,-0.05030686,17.73710297,1,9,0.00020659,0.24206492,0.13916189,11745,12244,88.4672
285,-0.72369773,10.15627449,1,24,0.00524726,0.24085459,0.11666661,11769,12268,88.6174
286,0.21945606,19.27945358,1,20,0.00352332,0.23965032,0.13437861,11789,12288,88.7402
287,0.68439156,11.75574391,1,22,0.01680961,0.23845207,0.12552471,11811,12310,88.9044
288,-0.41876949,15.25371090,1,27,0.00544180,0.23725981,0.13933802,11838,12337,89.1074
289,0.77451348,10.97929094,1,24,0.00746943,0.23607351,0.10537426,11862,12361,89.2714
290,-0.25601737,17.58918468,1,26,0.00229154,0.23489314,0.12970553,11888,12387,89.4445
291,-0.59183789,11.71336643,1,25,0.02500426,0.23371868,0.12311480,11913,12412,89.6102
292,0.67040292,12.53474175,1,21,0.01884444,0.23255008,0.11707283,11934,12433,89.7568
293,-0.08757687,17.23087240,1,14,0.00980278,0.23138733,0.11377190,11948,12447,89.8442
294,-0.27573874,16.41428070,1,14,0.00800270,0.23023039,0.15732242,11962,12461,89.9486
295,0.71118607,11.53874325,1,22,0.00776039,0.22907924,0.12029775,11984,12483,90.0706
296,-0.75401973,10.18105913,1,25,0.00299105,0.22793385,0.13723693,12009,12508,90.2491
297,0.40290645,16.42303770,1,27,0.00460863,0.22679418,0.13267141,12036,12535,90.4046
298,-0.33190022,13.28677654,1,23,0.00402623,0.22566021,0.13245667,12059,12558,90.5610
299,0.52541798,13.56855450,1,22,0.01116180,0.22453191,0.12142504,12081,12580,90.7373
300,0.17711574,18.81078700,1,19,0.00499715,0.22340925,0.12737576,12100,12599,90.9079
301,0.15860218,17.24197572,1,12,0.00534550,0.22229220,0.12192992,12112,12611,91.0370
302,0.45931096,13.25953311,1,23,0.00301831,0.22118074,0.14688215,12135,12634,91.2665
303,0.31811612,19.75495685,1,33,0.00746056,0.22007484,0.13249511,12168,12667,91.5651
304,0.23807159,17.99210484,1,22,0.00091714,0.21897446,0.11066733,12190,12689,91.7671
305,-0.42014549,14.00226881,1,22,0.00064150,0.21787959,0.12275734,12212,12711,91.9480
306,-0.35123521,15.87662138,1,17,0.01235879,0.21679019,0.12386221,12229,12728,92.0922
307,-0.46046545,14.42329940,1,20,0.00546082,0.21570624,0.12142561,12249,12748,92.2580
308,-0.22663800,16.50200024,1,16,0.00111300,0.21462771,0.13811864,12265,12764,92.4076
309,0.63516971,12.87455761,1,21,0.01133116,0.21355457,0.11605062,12286,12785,92.5881
310,0.23336023,16.73760815,1,14,0.00877539,0.21248680,0.17112786,12300,12799,92.7239
311,-0.35225736,14.77026233,1,20,0.01464720,0.21142436,0.13195755,12320,12819,92.9359
312,0.46160826,15.04710504,1,18,0.00790685,0.21036724,0.10230478,12338,12837,93.1566
313,0.19153406,16.93547835,1,14,0.00779124,0.20931541,0.08983455,12352,12851,93.3245
314,-0.46445710,14.50450019,1,19,0.00258104,0.20826883,0.11668829,12371,12870,93.4733
315,-0.35356866,15.80183362,1,17,0.00506128,0.20722748,0.14285845,12388,12887,93.6020
316,-0.35051783,15.88941175,1,16,0.00283091,0.20619135,0.12923783,12404,12903,93.7586
317,0.17131096,16.89127345,1,14,0.03954731,0.20516039,0.18186176,12418,12917,93.9156
318,-0.08806929,17.64427538,1,10,0.00130793,0.20413459,0.15691082,12428,12927,94.0295
319,0.68125332,19.03820572,1,30,0.00961892,0.20311391,0.14188158,12458,12957,94.3078
320,-0.18941250,16.96658146,1,14,0.00206621,0.20209835,0.11632368,12472,12971,94.4377
321,-0.57455756,13.64316747,1,20,0.00591466,0.20108785,0.15822989,12492,12991,94.6017
322,0.72088961,11.18166207,1,23,0.00217919,0.20008241,0.16565114,12515,13014,94.7909
323,-0.71256735,10.00776089,1,25,0.00735903,0.19908200,0.13759459,12540,13039,94.9971
324,0.41465174,14.50919706,1,20,0.00374934,0.19808659,0.14419681,12560,13059,95.1999
325,-0.57071300,13.73995292,1,20,0.00068036,0.19709616,0.13215175,12580,13079,95.3952
326,-0.20184103,16.98350318,1,13,0.00995574,0.19611068,0.11229785,12593,13092,95.5540
327,-0.27982814,15.98408777,1,18,0.00030005,0.19513013,0.17662731,12611,13110,95.7707
328,0.47718334,14.85273850,1,18,0.00095643,0.19415447,0.11974223,12629,13128,95.9298
329,0.52896968,16.85499475,1,23,0.00673530,0.19318370,0.11769785,12652,13151,96.1478
330,-0.27735178,15.39210547,1,18,0.00702612,0.19221778,0.13818421,12670,13169,96.3081
331,0.32119420,15.81736148,1,18,0.00803434,0.19125669,0.14246406,12688,13187,96.4620
332,0.70561005,9.65188075,1,27,0.00239344,0.19030041,0.11560159,12715,13214,96.6843
333,-0.60693358,13.10888856,1,21,0.00655056,0.18934891,0.13497493,12736,13235,96.8532
334,0.68804652,11.65091373,1,23,0.00053922,0.18840216,0.13254640,12759,13258,97.1405
335,-0.04213009,17.66553020,1,8,0.00404149,0.18746015,0.06464678,12767,13266,97.2449
336,-0.29517209,15.88658755,1,17,0.00747305,0.18652285,0.15244679,12784,13283,97.5041
337,0.10300160,17.54631741,1,11,0.01307623,0.18559024,0.16208335,12795,13294,97.6464
338,0.18897006,16.50288462,1,16,0.00556625,0.18466229,0.12623789,12811,13310,97.8609
339,-0.45197876,14.74168765,1,19,0.01785692,0.18373898,0.16911652,12830,13329,98.2179
340,0.49219010,14.05640144,1,20,0.01489058,0.18282028,0.16904860,12850,13349,98.5140
341,-0.37383454,17.51859345,1,25,0.01219221,0.18190618,0.15128584,12875,13374,98.8637
342,-0.73780666,10.03165120,1,25,0.00087132,0.18099665,0.14007611,12900,13399,99.2250
343,-0.08037565,17.43207961,1,10,0.00593950,0.18009167,0.11409757,12910,13409,99.3127
344,-0.28286715,16.30505528,1,15,0.01160450,0.17919121,0.12725094,12925,13424,99.4339
345,-0.42789325,14.67286482,1,19,0.00620060,0.17829525,0.15862441,12944,13443,99.6746
346,-0.23182093,16.70889370,1,14,0.00071311,0.17740378,0.13402885,12958,13457,99.8053
347,-0.49228599,18.16007741,1,23,0.00318495,0.17651676,0.12395855,12981,13480,100.0294
348,-0.78449309,9.80101971,1,25,0.00007806,0.17563417,0.13493050,13006,13505,100.2814
349,0.21513109,16.85537852,1,15,0.00619002,0.17475600,0.15647433,13021,13520,100.3987
350,-0.79212171,8.43519400,1,27,0.00956079,0.17388222,0.13706912,13048,13547,100.6211
351,-0.39741165,15.38097345,1,19,0.00395175,0.17301281,0.13793927,13067,13566,100.7951
352,-0.19132241,17.02017692,1,14,0.00748556,0.17214775,0.11381513,13081,13580,100.9195
353,0.47150749,14.86711603,1,19,0.00409675,0.17128701,0.12082147,13100,13599,101.1411
354,-0.68392929,9.56768916,1,28,0.00290328,0.17043057,0.13625965,13128,13627,101.4238
355,-0.18827862,17.08813694,1,13,0.00435775,0.16957842,0.12493422,13141,13640,101.5438
356,-0.11389543,17.36565713,1,11,0.00562616,0.16873053,0.12600041,13152,13651,101.6840
357,0.48922166,13.28220872,1,22,0.01079783,0.16788688,0.15990538,13174,13673,101.8382
358,0.29009765,16.40407820,1,16,0.02335878,0.16704744,0.19594521,13190,13689,101.9801
359,-0.48144190,14.04275409,1,22,0.00217187,0.16621220,0.15174367,13212,13711,102.1808
360,0.30940944,16.15517269,1,17,0.00421949,0.16538114,0.11504121,13229,13728,102.3814
361,-0.37631681,15.62142342,1,17,0.00126970,0.16455424,0.17235938,13246,13745,102.5662
362,-0.51582836,13.59375224,1,20,0.00568217,0.16373147,0.14351641,13266,13765,102.7172
363,-0.31535300,15.66650564,1,18,0.00023466,0.16291281,0.12240113,13284,13783,102.8678
364,0.62023487,11.02778999,1,24,0.00429159,0.16209824,0.12860208,13308,13807,103.0937
365,-0.68243710,15.61891970,1,30,0.00653800,0.16128775,0.12042617,13338,13837,103.3101
366,-0.54411899,13.71789791,1,20,0.00490295,0.16048131,0.12769208,13358,13857,103.5059
367,0.15844330,16.72517621,1,15,0.03129165,0.15967891,0.16073434,13373,13872,103.6380
368,-0.30359792,15.92035361,1,17,0.00975409,0.15888051,0.17151292,13390,13889,103.8035
369,-0.07026616,17.53585145,1,10,0.00010001,0.15808611,0.10444338,13400,13899,103.8932
370,-0.61262979,12.71767850,1,21,0.02299093,0.15729568,0.15837436,13421,13920,104.0948
371,0.32249646,16.04035455,1,16,0.00481332,0.15650920,0.14477141,13437,13936,104.2372
372,-0.72604724,11.63306557,1,23,0.01248415,0.15572666,0.13993448,13460,13959,104.4107
373,-0.08826435,17.51945399,1,10,0.00776566,0.15494802,0.13050826,13470,13969,104.5004
374,0.43093151,15.03072638,1,18,0.00007781,0.15417328,0.13265526,13488,13987,104.6567
375,-0.79641850,9.94958197,1,32,0.00610309,0.15340242,0.13889744,13520,14019,104.9261
376,0.72449439,9.98339600,1,25,0.00409668,0.15263540,0.12391408,13545,14044,105.1252
377,-0.28923658,15.86550727,1,17,0.00552549,0.15187223,0.17110855,13562,14061,105.2965
378,0.76046317,10.85346593,1,24,0.00899414,0.15111287,0.15750657,13586,14085,105.5647
379,0.44388281,14.54267893,1,20,0.01746498,0.15035730,0.14298991,13606,14105,105.9081
380,-0.50838526,14.97873821,1,25,0.00502162,0.14960551,0.12402954,13631,14130,106.2322
381,0.19018300,16.57888453,1,16,0.00322132,0.14885749,0.13611209,13647,14146,106.4364
382,0.15872367,17.07622927,1,14,0.00380028,0.14811320,0.14353233,13661,14160,106.5572
383,0.39109948,15.31821402,1,19,0.00188202,0.14737263,0.15113513,13680,14179,106.7110
384,-0.65792717,11.59004044,1,22,0.00310230,0.14663577,0.15526992,13702,14201,106.9333
385,0.06543099,17.62515157,1,10,0.01031625,0.14590259,0.16677882,13712,14211,107.0552
386,0.07390867,17.74707454,1,10,0.00340511,0.14517308,0.12701561,13722,14221,107.1435
387,0.22118462,16.64186155,1,15,0.00535672,0.14444721,0.12548834,13737,14236,107.2705
388,0.08327243,17.44624066,1,10,0.00791010,0.14372498,0.16738604,13747,14246,107.3594
389,0.39701568,15.69754589,1,17,0.00112475,0.14300635,0.12014567,13764,14263,107.4973
390,-0.70743870,9.46475865,1,28,0.00830052,0.14229132,0.13863779,13792,14291,107.7321
391,0.25330065,16.52283754,1,14,0.01346421,0.14157986,0.16524005,13806,14305,107.8394
392,-0.20838012,16.99237186,1,13,0.00851819,0.14087196,0.13658263,13819,14318,107.9435
393,-0.42793037,14.54947653,1,19,0.01575109,0.14016760,0.12644101,13838,14337,108.1399
394,0.42162193,14.88833300,1,18,0.00262484,0.13946677,0.19077782,13856,14355,108.2875
395,-0.39092030,15.66015325,1,17,0.00221382,0.13876943,0.14962072,13873,14372,108.4094
396,-0.40374163,15.16546540,1,19,0.00374260,0.13807559,0.18524440,13892,14391,108.5722
397,0.57449340,12.38060599,1,22,0.00099968,0.13738521,0.14778947,13914,14413,108.7253
398,0.75479163,11.25081103,1,24,0.02736213,0.13669828,0.15823471,13938,14437,108.9489
399,0.76182962,9.18186001,1,27,0.00598419,0.13601479,0.13305126,13965,14464,109.2037
400,-0.47189783,14.21090776,1,19,0.01806700,0.13533472,0.16173905,13984,14483,109.3485
401,-0.11358587,16.97392469,1,14,0.01313395,0.13465804,0.17232645,13998,14497,109.4547
402,-0.69546570,11.62886536,1,23,0.00040770,0.13398475,0.12511299,14021,14520,109.6773
403,0.51880655,14.19222992,1,19,0.02444085,0.13331483,0.13014069,14040,14539,109.8853
404,0.04061811,17.71062502,1,8,0.00226768,0.13264825,0.12334013,14048,14547,109.9720
405,0.36779957,15.07093429,1,19,0.01154012,0.13198501,0.12809984,14067,14566,110.1365
406,0.22269723,17.02275404,1,14,0.00792634,0.13132509,0.14338975,14081,14580,110.3932
407,-0.74815079,11.53499643,1,22,0.00160291,0.13066846,0.15824504,14103,14602,110.6453
408,0.62264884,13.10799481,1,21,0.00299108,0.13001512,0.13231956,14124,14623,110.8739
409,-0.01222444,17.69014210,1,8,0.00162347,0.12936505,0.14639185,14132,14631,110.9456
410,-0.15738460,17.24391634,1,12,0.00762979,0.12871822,0.17397302,14144,14643,111.0557
411,0.73539497,11.48452443,1,23,0.00146929,0.12807463,0.13881342,14167,14666,111.2811
412,-0.50367518,12.91803150,1,22,0.00046368,0.12743426,0.10221562,14189,14688,111.5379
413,-0.61935770,12.28146686,1,23,0.00075019,0.12679708,0.19020972,14212,14711,111.7937
414,-0.14626401,17.33677071,1,12,0.00186972,0.12616310,0.17125171,14224,14723,111.9242
415,-0.04852281,17.68454819,1,9,0.00267306,0.12553228,0.12470145,14233,14732,112.1357
416,-0.19161921,16.95784137,1,13,0.00487998,0.12490462,0.15176412,14246,14745,112.4101
417,0.18557411,16.93941027,1,13,0.00496226,0.12428010,0.15596716,14259,14758,113.1874
418,0.59362073,12.59257339,1,21,0.03276346,0.12365870,0.17026325,14280,14779,114.1537
419,-0.77102758,11.29743213,1,22,0.00497736,0.12304040,0.14773797,14302,14801,115.0898
420,0.55567174,13.29878322,1,21,0.00518718,0.12242520,0.14003360,14323,14822,115.7659
421,0.60378659,13.27060183,1,20,0.00690297,0.12181308,0.10902729,14343,14842,116.0075
422,0.65718775,11.29182872,1,23,0.00190724,0.12120401,0.13073572,14366,14865,116.3509
423,0.08406318,17.36820055,1,10,0.03865895,0.12059799,0.15575507,14376,14875,116.4395
424,0.62762801,13.03607461,1,20,0.01769474,0.11999500,0.14885022,14396,14895,116.6199
425,-0.50827933,14.02526673,1,20,0.00592508,0.11939503,0.16325920,14416,14915,116.7894
426,0.04706546,17.73451174,1,9,0.00326991,0.11879805,0.17200952,14425,14924,116.8543
427,0.47124839,14.73282959,1,19,0.02095949,0.11820406,0.16633110,14444,14943,116.9851
428,0.00812136,17.73287761,1,8,0.00423744,0.11761304,0.20926369,14452,14951,117.0502
429,-0.06196395,17.66870726,1,9,0.00184014,0.11702498,0.12031160,14461,14960,117.1194
430,-0.16259289,17.11337997,1,13,0.00413683,0.11643985,0.12214485,14474,14973,117.2214
431,0.06251899,17.71181282,1,9,0.00218704,0.11585765,0.11770257,14483,14982,117.2786
432,0.43327532,15.20614557,1,18,0.00767677,0.11527836,0.11012873,14501,15000,117.4173
433,0.47683551,14.87209036,1,18,0.00652263,0.11470197,0.18474910,14519,15018,117.5575
434,-0.70639864,12.16067981,1,22,0.01465497,0.11412846,0.15586124,14541,15040,117.7268
435,-0.73769545,8.13316645,1,28,0.01278393,0.11355782,0.14812223,14569,15068,117.9369
436,0.54356584,14.06918987,1,20,0.01487627,0.11299003,0.18062480,14589,15088,118.0920
437,-0.09298700,17.39092172,1,11,0.00639621,0.11242508,0.14031201,14600,15099,118.1668
438,-0.38705998,15.51911946,1,17,0.00677011,0.11186295,0.11630630,14617,15116,118.3067
439,0.38684454,15.40875519,1,17,0.00130965,0.11130364,0.20654379,14634,15133,118.4473
440,0.58647944,13.48209144,1,20,0.00957543,0.11074712,0.14687908,14654,15153,118.5808
441,0.36230077,15.21808912,1,18,0.00694021,0.11019339,0.17142566,14672,15171,118.7120
442,-0.62494849,13.04141124,1,21,0.00161607,0.10964242,0.15988609,14693,15192,118.8790
443,-0.70998480,11.39099879,1,24,0.00200056,0.10909421,0.17331869,14717,15216,119.0612
444,0.06476528,17.70556889,1,10,0.00192634,0.10854874,0.15579113,14727,15226,119.1503
445,0.48084529,14.89919874,1,19,0.00554772,0.10800599,0.15643654,14746,15245,119.2757
446,0.03139027,17.66832330,1,8,0.01003355,0.10746596,0.14420075,14754,15253,119.3288
447,-0.77877550,10.92312631,1,24,0.01055083,0.10692863,0.16202004,14778,15277,119.4809
448,0.21091024,16.98602742,1,14,0.00016444,0.10639399,0.12984275,14792,15291,119.5663
449,-0.32623442,15.96915248,1,18,0.01509096,0.10586202,0.15718653,14810,15309,119.6827
450,0.42343567,15.27986693,1,17,0.00213789,0.10533271,0.13380151,14827,15326,119.7945
451,0.14202301,17.17935975,1,13,0.03097781,0.10480605,0.17934800,14840,15339,119.9061
452,0.58481764,12.39852347,1,23,0.01178794,0.10428202,0.13972357,14863,15362,120.1157
453,0.63307801,13.19470162,1,21,0.00012706,0.10376061,0.17654788,14884,15383,120.2562
454,0.18266906,16.95285728,1,13,0.02396762,0.10324180,0.14626045,14897,15396,120.3559
455,0.68183527,12.30318255,1,21,0.00187977,0.10272559,0.19058572,14918,15417,120.4852
456,-0.05744996,17.75112448,1,9,0.01272736,0.10221197,0.17234300,14927,15426,120.5508
457,0.44388129,13.59577579,1,21,0.02319590,0.10170091,0.19492039,14948,15447,120.7164
458,0.70690762,11.79420484,1,23,0.00723267,0.10119240,0.18685782,14971,15470,120.8880
459,0.10678903,17.30972663,1,11,0.00941469,0.10068644,0.12321330,14982,15481,120.9524
460,0.79428217,11.03136404,1,23,0.00602773,0.10018301,0.17543648,15005,15504,121.1117
461,-0.57664853,13.74437723,1,19,0.00433526,0.09968209,0.15413295,15024,15523,121.2256
462,-0.14142702,17.36173943,1,12,0.00670671,0.09918368,0.13195810,15036,15535,121.2979
463,-0.77925035,10.41596460,1,24,0.00793469,0.09868776,0.15199347,15060,15559,121.4544
464,0.56067675,15.35826987,1,25,0.00501268,0.09819432,0.10922490,15085,15584,121.6237
465,-0.31830663,16.13323640,1,16,0.00516870,0.09770335,0.14921590,15101,15600,121.7357
466,-0.36966571,13.45234921,1,23,0.00020333,0.09721484,0.12940194,15124,15623,121.9033
467,0.55337230,13.95467100,1,21,0.00018285,0.09672876,0.12362381,15145,15644,122.0431
468,-0.19620719,16.93014132,1,13,0.01019090,0.09624512,0.16333202,15158,15657,122.1329
469,0.11534701,17.43010538,1,12,0.00692900,0.09576389,0.19813099,15170,15669,122.2265
470,0.71417433,11.75363439,1,22,0.00067502,0.09528507,0.17440658,15192,15691,122.4254
471,-0.51636147,13.87518485,1,20,0.00455071,0.09480865,0.17654502,15212,15711,122.5889
472,-0.18972479,17.07588806,1,13,0.01127930,0.09433460,0.15047012,15225,15724,122.6936
473,0.28317396,16.37320690,1,16,0.01209262,0.09386293,0.14131124,15241,15740,122.8600
474,0.25474218,16.36278715,1,15,0.00495854,0.09339362,0.16747761,15256,15755,123.0000
475,-0.67326002,12.56005324,1,22,0.00434511,0.09292665,0.15080886,15278,15777,123.1786
476,0.45037384,15.05296545,1,18,0.01144723,0.09246202,0.18592544,15296,15795,123.3159
477,-0.45497789,15.18333656,1,18,0.01101564,0.09199971,0.13986714,15314,15813,123.4768
478,-0.53883919,13.97918848,1,20,0.01604227,0.09153971,0.17798555,15334,15833,123.6058
479,-0.35821585,15.47806776,1,18,0.00438567,0.09108201,0.19877540,15352,15851,123.7541
480,0.46446670,14.79989609,1,18,0.00545216,0.09062660,0.15587526,15370,15869,123.8928
481,-0.78111441,11.16800743,1,23,0.00048837,0.09017346,0.14228079,15393,15892,124.0612
482,-0.78722655,10.12838370,1,26,0.00193076,0.08972260,0.15871803,15419,15918,124.2257
483,-0.63804092,11.63407560,1,23,0.00320342,0.08927398,0.15693795,15442,15941,124.5028
484,0.38862143,15.74018315,1,17,0.00150027,0.08882761,0.14112880,15459,15958,124.6734
485,-0.25734606,16.42012285,1,16,0.00413794,0.08838348,0.13924894,15475,15974,124.8650
486,0.02061248,17.70328441,1,8,0.00395626,0.08794156,0.07949003,15483,15982,124.9380
487,0.61038513,13.00668450,1,21,0.00422165,0.08750185,0.14649665,15504,16003,125.2931
488,-0.60591245,13.46290143,1,20,0.00117593,0.08706434,0.16424757,15524,16023,125.5539
489,0.20392663,16.95219666,1,14,0.01309748,0.08662902,0.19142390,15538,16037,125.6773
490,0.53642807,13.91218570,1,19,0.00155970,0.08619588,0.16403024,15557,16056,125.8134
491,-0.53554322,12.92432470,1,23,0.01363683,0.08576490,0.21632701,15580,16079,125.9727
492,0.10447504,17.47394134,1,11,0.01537293,0.08533607,0.15138460,15591,16090,126.0453
493,-0.02216699,17.71706707,1,8,0.01144190,0.08490939,0.14462510,15599,16098,126.0963
494,0.77378559,10.99530911,1,23,0.00834257,0.08448484,0.21166291,15622,16121,126.2590
495,-0.47252984,14.51932961,1,20,0.00973221,0.08406242,0.16339678,15642,16141,126.4221
496,-0.22852678,16.68152534,1,15,0.00319558,0.08364211,0.20202967,15657,16156,126.5252
497,0.04080522,17.74833716,1,8,0.00546345,0.08322390,0.10860421,15665,16164,126.5811
498,-0.77067201,10.88457474,1,24,0.00621466,0.08280778,0.15111093,15689,16188,126.7382
499,-0.38461121,15.74315160,1,17,0.00678269,0.08239374,0.13160840,15706,16205,126.8514
500,0.37476900,17.25453687,1,23,0.00758596,0.08198177,0.17430493,15729,16228,127.1378
501,0.76756921,11.25228404,1,22,0.01086363,0.08157186,0.19673940,15751,16250,127.6358
502,-0.05632021,17.59489432,1,9,0.00006963,0.08116400,0.23361788,15760,16259,127.8284
503,-0.27455280,16.33542140,1,16,0.00118795,0.08075818,0.17868521,15776,16275,128.2667
504,-0.47658868,14.84557349,1,19,0.00347723,0.08035439,0.15619837,15795,16294,128.7868
505,0.42315079,15.18633822,1,17,0.00356412,0.07995262,0.16752597,15812,16311,129.2427
506,-0.74464991,11.33199895,1,23,0.01047555,0.07955286,0.16912376,15835,16334,129.7663
507,-0.47627239,14.59486449,1,19,0.00722113,0.07915509,0.17745871,15854,16353,130.0156
508,-0.68245982,12.52432047,1,22,0.00263726,0.07875932,0.15755814,15876,16375,130.2120
509,-0.28454951,16.45036572,1,15,0.01242644,0.07836552,0.13422084,15891,16390,130.4224
510,0.74136308,11.55285457,1,22,0.02677053,0.07797369,0.18583561,15913,16412,130.6888
511,-0.60423381,13.40476502,1,19,0.00378439,0.07758382,0.17909362,15932,16431,130.9172
512,0.33516345,15.09051759,1,19,0.01076358,0.07719590,0.16304249,15951,16450,131.0527
513,0.78499128,11.18390864,1,22,0.01987824,0.07680993,0.14207331,15973,16472,131.2105
514,-0.45479392,15.10718902,1,18,0.00256250,0.07642588,0.17466652,15991,16490,131.3561
515,0.37217532,15.10798410,1,19,0.00536672,0.07604375,0.20716919,16010,16509,131.4810
516,0.50960232,13.53677110,1,21,0.00050007,0.07566353,0.15895677,16031,16530,131.6170
517,0.24451134,16.66583676,1,14,0.02248668,0.07528521,0.13553786,16045,16544,131.7150
518,0.52283333,14.15989815,1,19,0.01726557,0.07490878,0.18481660,16064,16563,131.8783
519,-0.03948386,17.80140049,1,8,0.00355635,0.07453424,0.15428493,16072,16571,131.9293
520,0.31969002,15.43946389,1,17,0.01176811,0.07416157,0.19979562,16089,16588,132.0449
521,0.23475860,16.74764634,1,14,0.00044332,0.07379076,0.13938779,16103,16602,132.1376
522,-0.50816293,14.39957743,1,18,0.00882501,0.07342181,0.14835689,16121,16620,132.2681
523,0.25873117,16.46538303,1,15,0.00244030,0.07305470,0.15611865,16136,16635,132.3831
524,-0.04148565,17.67562645,1,8,0.00687403,0.07268942,0.14623280,16144,16643,132.4422
525,0.75601410,10.34171659,1,24,0.00749804,0.07232598,0.14755803,16168,16667,132.5853
526,0.24455713,16.60217201,1,14,0.00409914,0.07196435,0.25538338,16182,16681,132.6779
527,0.40029287,15.45559728,1,17,0.00974375,0.07160453,0.16482913,16199,16698,132.7826
528,0.48356802,14.55719179,1,18,0.01976687,0.07124650,0.15950768,16217,16716,132.9090
529,0.35333453,15.78893413,1,16,0.02829662,0.07089027,0.14727092,16233,16732,133.0078
530,0.31378701,16.06444124,1,15,0.03425870,0.07053582,0.16572176,16248,16747,133.1058
531,0.16815688,16.89272061,1,13,0.00643743,0.07018314,0.15105765,16261,16760,133.2000
532,-0.54100742,14.17130185,1,20,0.00073348,0.06983222,0.20932000,16281,16780,133.3550
533,0.01785019,17.70454445,1,8,0.00671855,0.06948306,0.15936998,16289,16788,133.4190
534,-0.66176977,12.68759598,1,20,0.00795364,0.06913565,0.13214304,16309,16808,133.5529
535,0.49802200,14.13683089,1,20,0.01813528,0.06878997,0.15054853,16329,16828,133.6931
536,0.24438723,16.53667655,1,15,0.00189074,0.06844602,0.20229317,16344,16843,133.7834
537,-0.21677872,16.96670305,1,14,0.00829374,0.06810379,0.16431571,16358,16857,133.8794
538,-0.39678544,15.42389466,1,17,0.00591081,0.06776327,0.13872507,16375,16874,133.9815
539,-0.72816045,11.72050803,1,21,0.00197885,0.06742445,0.16866325,16396,16895,134.1147
540,0.10078366,17.37516252,1,11,0.01928565,0.06708733,0.15779573,16407,16906,134.1864
541,-0.42756318,15.10867107,1,17,0.00951937,0.06675190,0.16445348,16424,16923,134.3080
542,-0.68349167,11.65260602,1,23,0.00937670,0.06641814,0.17347494,16447,16946,134.4951
543,0.71104574,12.24877942,1,21,0.00903985,0.06608605,0.17264446,16468,16967,134.6866
544,-0.34730651,15.86666701,1,16,0.00140464,0.06575562,0.22349970,16484,16983,134.8213
545,-0.40569424,15.26162970,1,18,0.00054482,0.06542684,0.15703012,16502,17001,134.9814
546,-0.31646459,16.15695982,1,16,0.01054198,0.06509970,0.14798995,16518,17017,135.0795
547,0.79753232,10.79261745,1,23,0.01875400,0.06477420,0.14922282,16541,17040,135.2335
548,0.23788716,16.91672881,1,14,0.00294907,0.06445033,0.17473896,16555,17054,135.3399
549,0.32464324,15.98331776,1,16,0.00252306,0.06412808,0.13988099,16571,17070,135.4456
550,-0.31961537,16.14363043,1,16,0.00534732,0.06380744,0.18046453,16587,17086,135.5602
551,-0.67509491,12.59796594,1,21,0.00735538,0.06348840,0.17591238,16608,17107,135.7003
552,0.27521469,16.43658867,1,15,0.00300968,0.06317096,0.15393610,16623,17122,135.7966
553,-0.36877556,15.92450349,1,16,0.01678951,0.06285511,0.18660107,16639,17138,135.9074
554,0.14386107,17.28953770,1,12,0.00896282,0.06254083,0.20437583,16651,17150,135.9857
555,0.22450196,16.79977717,1,14,0.02090572,0.06222813,0.12637344,16665,17164,136.0863
556,0.40677010,15.23405173,1,18,0.03090188,0.06191699,0.14489579,16683,17182,136.2572
557,0.77174812,11.18917234,1,22,0.00699693,0.06160740,0.16359518,16705,17204,136.4576
558,0.32663012,16.05786148,1,16,0.01646867,0.06129936,0.12456185,16721,17220,136.6275
559,-0.45847747,14.11280963,1,20,0.00974289,0.06099287,0.15087114,16741,17240,136.7894
560,0.52073980,14.26625749,1,18,0.00492462,0.06068790,0.15481832,16759,17258,136.9105
561,-0.36576069,15.60181203,1,18,0.00867438,0.06038446,0.17219690,16777,17276,137.0222
562,-0.48284314,14.59005459,1,18,0.00427916,0.06008254,0.17936338,16795,17294,137.1469
563,-0.42878049,15.18003666,1,17,0.00946155,0.05978213,0.16278861,16812,17311,137.2807
564,-0.62360639,12.92402728,1,22,0.01227123,0.05948322,0.18854524,16834,17333,137.4654
565,0.43892979,15.16251812,1,18,0.01109279,0.05918580,0.19250487,16852,17351,137.6034
566,0.23162780,16.94523178,1,14,0.00100423,0.05888987,0.14916357,16866,17365,137.6958
567,0.02167988,17.73460177,1,8,0.00587089,0.05859542,0.19170887,16874,17373,137.7510
568,0.32987164,16.11936988,1,16,0.00847571,0.05830245,0.14897752,16890,17389,137.8579
569,-0.24057817,16.65442946,1,15,0.01412266,0.05801093,0.15865606,16905,17404,137.9459
570,0.34591425,15.90626033,1,17,0.02388796,0.05772088,0.14154167,16922,17421,138.0787
571,-0.54868197,13.92163792,1,19,0.00058514,0.05743228,0.19340497,16941,17440,138.2046
572,0.53187865,14.20437732,1,19,0.00797816,0.05714511,0.17509721,16960,17459,138.3242
573,-0.67520816,12.51398029,1,21,0.00888468,0.05685939,0.17280453,16981,17480,138.4911
574,0.78873314,10.39879581,1,24,0.00197865,0.05657509,0.16651503,17005,17504,138.6381
575,-0.16508568,16.98367117,1,13,0.00621613,0.05629222,0.15693926,17018,17517,138.7381
576,-0.77383842,11.02475135,1,23,0.00689895,0.05601076,0.14172062,17041,17540,138.9115
577,0.05714857,17.67661980,1,9,0.00400289,0.05573070,0.10983286,17050,17549,138.9973
578,-0.57169587,13.43830175,1,21,0.00801601,0.05545205,0.16438045,17071,17570,139.1850
579,0.67021322,12.55081883,1,21,0.00671878,0.05517479,0.15129443,17092,17591,139.3670
580,0.03189333,17.58174821,1,8,0.00164002,0.05489891,0.17547536,17100,17599,139.4458
581,-0.50336745,14.41558595,1,20,0.00548982,0.05462442,0.17043033,17120,17619,139.5939
582,-0.72607779,11.12531584,1,24,0.00809383,0.05435130,0.13870644,17144,17643,139.7410
583,-0.75078458,11.43999528,1,22,0.00803788,0.05407954,0.20121126,17166,17665,139.8939
584,-0.14067746,17.37027445,1,12,0.00115520,0.05380914,0.14159479,17178,17677,139.9662
585,-0.07063698,17.78070293,1,10,0.00018909,0.05354010,0.15459278,17188,17687,140.0715
586,-0.55508880,12.60224835,1,23,0.00638153,0.05327240,0.16983707,17211,17710,140.2262
587,0.76242814,10.99626170,1,23,0.00545106,0.05300603,0.16225033,17234,17733,140.3971
588,0.61271819,13.41318357,1,20,0.00931933,0.05274100,0.16827133,17254,17753,140.5373
589,0.10503220,17.47133487,1,11,0.02045987,0.05247730,0.19690722,17265,17764,140.6037
590,0.60640215,13.42244263,1,20,0.01285458,0.05221491,0.15814820,17285,17784,140.7458
591,-0.67175467,12.48806573,1,23,0.00515279,0.05195384,0.16318252,17308,17807,140.9395
592,-0.66635465,12.53273025,1,20,0.00310617,0.05169407,0.16640984,17328,17827,141.0740
593,0.68658925,12.28871884,1,22,0.00316287,0.05143560,0.15135409,17350,17849,141.2195
594,0.61667355,13.27295444,1,20,0.01498469,0.05117842,0.13731065,17370,17869,141.3510
595,-0.20227925,16.94154853,1,14,0.00885363,0.05092253,0.17101755,17384,17883,141.4550
596,-0.17643036,17.05276318,1,13,0.00160524,0.05066792,0.17383960,17397,17896,141.5403
597,-0.31107477,16.31943624,1,16,0.00534523,0.05041458,0.17861733,17413,17912,141.6429
598,0.65874600,12.74887278,1,21,0.02391151,0.05016250,0.16027939,17434,17933,141.7842
599,0.11829874,17.41508611,1,11,0.02375722,0.05000000,0.16174017,17445,17944,141.8551
600,-0.68716022,12.37923893,1,22,0.00970684,0.05000000,0.15164393,17467,17966,142.0510
601,0.08769605,17.35810174,1,11,0.00132280,0.05000000,0.15976532,17478,17977,142.1396
602,-0.76412307,11.44079269,1,23,0.00664794,0.05000000,0.14192073,17501,18000,142.4156
603,0.24324345,16.61982914,1,14,0.00798011,0.05000000,0.18465967,17515,18014,142.6044
604,0.18443501,17.06074391,1,13,0.00302077,0.05000000,0.18951119,17528,18027,142.7949
605,-0.11806500,17.43467044,1,11,0.00528523,0.05000000,0.17394354,17539,18038,142.9233
606,0.09144952,17.44468426,1,10,0.00627519,0.05000000,0.16732877,17549,18048,143.0156
607,0.26532317,16.63996862,1,14,0.01244109,0.05000000,0.18063307,17563,18062,143.1963
608,0.32019318,15.87069794,1,17,0.00051366,0.05000000,0.14487642,17580,18079,143.3581
609,-0.03185845,17.83756247,1,8,0.00438816,0.05000000,0.19790634,17588,18087,143.4315
610,-0.63487411,12.84594509,1,21,0.00220553,0.05000000,0.16907567,17609,18108,143.6354
611,0.29710493,18.96606953,1,20,0.00367455,0.05000000,0.16808514,17629,18128,143.7640
612,-0.18343107,16.89232136,1,14,0.00337182,0.05000000,0.21468096,17643,18142,143.8513
613,-0.28259679,16.43620092,1,15,0.00844105,0.05000000,0.13038383,17658,18157,143.9537
614,-0.08103517,17.58688828,1,10,0.00092234,0.05000000,0.18476922,17668,18167,144.0229
615,-0.58140107,13.64693915,1,19,0.00830833,0.05000000,0.17793645,17687,18186,144.1495
616,0.55701758,14.11406021,1,19,0.00335639,0.05000000,0.20308358,17706,18205,144.3023
617,-0.58094165,13.60676859,1,20,0.01260951,0.05000000,0.13423653,17726,18225,144.4452
618,-0.78190053,10.20848733,1,24,0.01083702,0.05000000,0.17772026,17750,18249,144.6305
619,-0.13876526,17.28907831,1,12,0.00557475,0.05000000,0.14937253,17762,18261,144.7077
620,-0.45312524,15.00674176,1,19,0.01094430,0.05000000,0.17983487,17781,18280,144.8195
621,-0.72491663,11.56977666,1,23,0.02704865,0.05000000,0.18888319,17804,18303,144.9679
622,-0.77886163,11.33232828,1,22,0.00863780,0.05000000,0.16518032,17826,18325,145.1040
623,0.40928880,15.30653675,1,17,0.00587248,0.05000000,0.16499609,17843,18342,145.2209
624,-0.35326227,15.74436705,1,17,0.00019475,0.05000000,0.20782254,17860,18359,145.3355
625,0.42265944,15.13912881,1,17,0.00522069,0.05000000,0.19276091,17877,18376,145.4566
626,-0.77890607,11.32022756,1,23,0.00815668,0.05000000,0.19052747,17900,18399,145.6199
627,-0.06505581,17.65796360,1,11,0.00693252,0.05000000,0.21731137,17911,18410,145.7007
628,-0.69012183,12.53911430,1,21,0.01418037,0.05000000,0.20249223,17932,18431,145.8507
629,-0.45730401,15.11499861,1,18,0.00376626,0.05000000,0.17110906,17950,18449,145.9692
630,-0.09939212,17.33927424,1,11,0.00674656,0.05000000,0.11843507,17961,18460,146.0396
631,0.17576745,17.05355598,1,13,0.00067602,0.05000000,0.22916951,17974,18473,146.1302
632,0.79288255,11.02582121,1,23,0.00886715,0.05000000,0.18103258,17997,18496,146.2784
633,-0.24701832,16.17075311,1,17,0.00464940,0.05000000,0.19275043,18014,18513,146.4074
634,-0.50467382,14.43283793,1,19,0.00735371,0.05000000,0.17554359,18033,18532,146.5267
635,-0.36943292,15.54198041,1,17,0.01396302,0.05000000,0.17652690,18050,18549,146.6312
636,-0.75436096,11.04921910,1,23,0.00153277,0.05000000,0.14636240,18073,18572,146.7960
637,-0.01038760,17.65357564,1,8,0.01241529,0.05000000,0.18375644,18081,18580,146.8600
638,-0.23587368,16.75677502,1,15,0.00871340,0.05000000,0.16543449,18096,18595,146.9640
639,-0.74939278,9.70882815,1,25,0.01557533,0.05000000,0.18923029,18121,18620,147.1454
640,-0.02368209,17.74048654,1,8,0.01419258,0.05000000,0.15261054,18129,18628,147.2050
641,-0.12311783,17.27651487,1,12,0.00801231,0.05000000,0.17024911,18141,18640,147.2856
642,0.57149977,13.54721775,1,20,0.01496003,0.05000000,0.18646167,18161,18660,147.4165
643,0.19427664,17.02481325,1,13,0.00682086,0.05000000,0.24697750,18174,18673,147.5146
644,0.13593360,17.40490725,1,12,0.00450331,0.05000000,0.14888588,18186,18685,147.6144
645,0.00151731,17.71618072,1,8,0.00604274,0.05000000,0.19878304,18194,18693,147.6620
646,-0.59823526,13.44527045,1,20,0.01172695,0.05000000,0.18971297,18214,18713,147.7976
647,-0.79809028,11.08496904,1,23,0.00178293,0.05000000,0.21422008,18237,18736,147.9695
648,-0.54663372,14.20492167,1,19,0.00198138,0.05000000,0.17939631,18256,18755,148.0977
649,0.70222285,11.35374271,1,24,0.01105468,0.05000000,0.20815003,18280,18779,148.2545
650,0.50736872,14.45985764,1,19,0.01323742,0.05000000,0.20020634,18299,18798,148.3889
651,-0.74948961,11.70346628,1,22,0.01257554,0.05000000,0.22713008,18321,18820,148.5249
652,0.66536916,12.49862958,1,22,0.00218195,0.05000000,0.16418460,18343,18842,148.6919
653,0.05374945,17.54170558,1,11,0.00243320,0.05000000,0.23521198,18354,18853,148.7800
654,-0.68444541,12.41227471,1,21,0.01218046,0.05000000,0.21289799,18375,18874,148.9121
655,0.07820408,17.55938545,1,10,0.01385699,0.05000000,0.14445273,18385,18884,148.9794
656,-0.66752672,12.12225461,1,22,0.00744544,0.05000000,0.17740045,18407,18906,149.1229
657,0.25010462,16.63062586,1,14,0.00623078,0.05000000,0.21662647,18421,18920,149.2157
658,0.35537351,15.72319810,1,17,0.00065218,0.05000000,0.17031466,18438,18937,149.3225
659,-0.38932993,15.65966167,1,17,0.02148172,0.05000000,0.16506976,18455,18954,149.4671
660,0.67650183,12.46817862,1,22,0.00784486,0.05000000,0.20371419,18477,18976,149.6378
661,-0.60525511,13.41280436,1,20,0.00334274,0.05000000,0.21476373,18497,18996,149.7952
662,-0.06264357,17.75611598,1,9,0.00753375,0.05000000,0.22168328,18506,19005,149.8691
663,-0.18906065,16.94327454,1,13,0.01285296,0.05000000,0.22019951,18519,19018,149.9715
664,-0.05176522,17.62775635,1,9,0.00677002,0.05000000,0.16019316,18528,19027,150.0589
665,-0.76896162,11.44405935,1,23,0.00384863,0.05000000,0.15441033,18551,19050,150.2238
666,0.21286200,16.94342149,1,13,0.00495850,0.05000000,0.16946976,18564,19063,150.3279
667,-0.07371809,17.77229771,1,10,0.00437520,0.05000000,0.16107059,18574,19073,150.4097
668,0.27398640,16.53396305,1,15,0.00590714,0.05000000,0.16462348,18589,19088,150.5200
669,-0.43131357,15.24769081,1,17,0.00736773,0.05000000,0.15046400,18606,19105,150.6837
670,0.03039841,17.67229075,1,8,0.00904169,0.05000000,0.16530450,18614,19113,150.7806
671,-0.20606208,16.96288083,1,14,0.00964504,0.05000000,0.17994917,18628,19127,150.8999
672,-0.22056830,16.75495496,1,14,0.01766599,0.05000000,0.21316747,18642,19141,151.1144
673,0.09053126,17.39077464,1,12,0.00330703,0.05000000,0.22476915,18654,19153,151.2703
674,-0.37600181,15.77370644,1,17,0.00958675,0.05000000,0.17148029,18671,19170,151.6433
675,0.54847450,14.02258739,1,20,0.00014725,0.05000000,0.18142630,18691,19190,151.9171
676,0.09228605,17.59069040,1,12,0.00393035,0.05000000,0.15529883,18703,19202,152.2588
677,0.52908458,14.28876312,1,20,0.01671481,0.05000000,0.18023008,18723,19222,152.7120
678,0.39626075,15.59252126,1,17,0.01130215,0.05000000,0.13707462,18740,19239,152.9589
679,-0.45009365,15.18053852,1,18,0.01097662,0.05000000,0.14701850,18758,19257,153.2679
680,-0.20202688,16.96029006,1,13,0.00765536,0.05000000,0.19653894,18771,19270,153.4222
681,-0.04690195,17.73369807,1,9,0.00361150,0.05000000,0.13987664,18780,19279,153.5141
682,-0.37977300,15.75747625,1,17,0.01877950,0.05000000,0.20789018,18797,19296,153.7895
683,-0.65269893,12.78046707,1,20,0.00242438,0.05000000,0.22980158,18817,19316,153.9265
684,0.11226802,17.46231123,1,11,0.01322406,0.05000000,0.16618656,18828,19327,154.0001
685,-0.26635610,16.03244537,1,16,0.01012388,0.05000000,0.18942110,18844,19343,154.1136
686,-0.20356910,16.95850083,1,13,0.00611314,0.05000000,0.17425804,18857,19356,154.2361
687,0.64694018,12.75731715,1,22,0.00030285,0.05000000,0.19320373,18879,19378,154.4020
688,0.25313564,16.56372738,1,14,0.00191209,0.05000000,0.15870819,18893,19392,154.4923
689,-0.42460523,15.26486708,1,17,0.00727491,0.05000000,0.18873635,18910,19409,154.5985
690,-0.19365165,17.05822791,1,13,0.01563429,0.05000000,0.21347230,18923,19422,154.6796
691,0.25798618,16.56314142,1,15,0.00793733,0.05000000,0.20832237,18938,19437,154.7727
692,-0.71891997,11.93580420,1,22,0.00106695,0.05000000,0.17235961,18960,19459,154.9294
693,0.34615082,15.77333215,1,17,0.00726612,0.05000000,0.20643744,18977,19476,155.0706
694,-0.20422381,17.02096397,1,13,0.01267451,0.05000000,0.16813029,18990,19489,155.1749
695,0.28416777,16.44038842,1,15,0.01342926,0.05000000,0.23793314,19005,19504,155.3033
696,-0.21281097,16.95209239,1,13,0.01040682,0.05000000,0.20176325,19018,19517,155.4130
697,0.25464347,16.53347398,1,14,0.01625816,0.05000000,0.16013059,19032,19531,155.5280
698,0.40278553,15.41755285,1,17,0.00514606,0.05000000,0.14835006,19049,19548,155.6500
699,-0.36060620,15.84878158,1,16,0.01452881,0.05000000,0.22577056,19065,19564,155.7663
700,-0.46745830,14.09577969,1,20,0.01858882,0.05000000,0.18315176,19085,19584,155.9041
701,0.36717043,15.88748344,1,17,0.00547370,0.05000000,0.15066551,19102,19601,156.0334
702,-0.55273859,13.94635215,1,19,0.01715236,0.05000000,0.20233527,19121,19620,156.1598
703,0.08924284,17.71645185,1,11,0.00088713,0.05000000,0.20385669,19132,19631,156.2337
704,-0.20447873,16.98707387,1,13,0.01873906,0.05000000,0.24186214,19145,19644,156.3167
705,0.04473669,17.79211173,1,8,0.00185630,0.05000000,0.23340924,19153,19652,156.3733
706,0.22951649,16.80046944,1,14,0.00630375,0.05000000,0.12627771,19167,19666,156.4803
707,0.68368461,12.39558071,1,21,0.00748649,0.05000000,0.21651833,19188,19687,156.6294
708,0.73296231,11.67036021,1,23,0.02387814,0.05000000,0.18784111,19211,19710,156.7822
709,0.32988604,16.03277885,1,16,0.00272310,0.05000000,0.18489450,19227,19726,156.8918
710,-0.58203718,13.49951126,1,19,0.01798713,0.05000000,0.18232306,19246,19745,157.0850
711,0.43959860,14.91427153,1,19,0.00294355,0.05000000,0.20135688,19265,19764,157.2689
712,-0.53387311,12.73320981,1,22,0.01798595,0.05000000,0.16379566,19287,19786,157.5372
713,0.27206822,16.15300084,1,16,0.00581962,0.05000000,0.14919442,19303,19802,157.6940
714,0.39646342,15.58988659,1,17,0.01109948,0.05000000,0.15311461,19320,19819,157.8706
715,-0.37234498,15.67776611,1,17,0.01661056,0.05000000,0.19252046,19337,19836,158.0583
716,0.31482252,16.30940768,1,15,0.00331342,0.05000000,0.19227003,19352,19851,158.2629
717,0.65172397,12.80830578,1,21,0.00708410,0.05000000,0.20200071,19373,19872,158.5053
718,-0.57491793,13.71155184,1,19,0.01479146,0.05000000,0.20980932,19392,19891,158.7290
719,0.71386574,11.87326873,1,22,0.00445831,0.05000000,0.19114452,19414,19913,158.9221
720,0.17023214,17.32438279,1,13,0.00110461,0.05000000,0.17525653,19427,19926,159.0547
721,-0.45152874,14.73003088,1,18,0.01634854,0.05000000,0.22439815,19445,19944,159.1779
722,0.72612786,11.89330136,1,22,0.00306483,0.05000000,0.18657749,19467,19966,159.3243
723,0.77094096,11.29858825,1,23,0.02096384,0.05000000,0.21404657,19490,19989,159.4746
724,0.18179921,17.02707151,1,13,0.00295848,0.05000000,0.22062173,19503,20002,159.5541
725,-0.39003098,15.58196613,1,17,0.02001587,0.05000000,0.19897534,19520,20019,159.6665
726,0.36276057,15.85106617,1,17,0.00117179,0.05000000,0.21273278,19537,20036,159.7753
727,0.69861359,12.31701321,1,22,0.00714553,0.05000000,0.17592193,19559,20058,159.9506
728,0.71415075,11.32017603,1,24,0.00846320,0.05000000,0.18080458,19583,20082,160.1044
729,0.76088298,11.01198136,1,23,0.00513898,0.05000000,0.16796803,19606,20105,160.2484
730,-0.04138408,17.67883360,1,8,0.01562393,0.05000000,0.15357039,19614,20113,160.2959
731,-0.53342652,13.96628130,1,19,0.00514594,0.05000000,0.21480552,19633,20132,160.4278
732,-0.70402848,12.03461868,1,21,0.03342431,0.05000000,0.19656409,19654,20153,160.5605
733,-0.41055297,15.34067181,1,17,0.02132717,0.05000000,0.18332871,19671,20170,160.6658
734,-0.38246854,15.65325610,1,17,0.00474321,0.05000000,0.21105998,19688,20187,160.7679
735,-0.66419447,12.73871560,1,20,0.02532960,0.05000000,0.20587937,19708,20207,160.9371
736,0.17775029,16.86322925,1,14,0.00265886,0.05000000,0.19383185,19722,20221,161.0513
737,-0.37862659,15.63828692,1,16,0.02123163,0.05000000,0.15450922,19738,20237,161.1543
738,-0.16813739,17.14039653,1,13,0.01827094,0.05000000,0.20259805,19751,20250,161.2380
739,-0.22381643,16.88151199,1,14,0.01433412,0.05000000,0.22307158,19765,20264,161.3417
740,-0.07294465,17.60338803,1,10,0.00075551,0.05000000,0.27987594,19775,20274,161.4046
741,-0.72256806,11.86616130,1,22,0.00125872,0.05000000,0.18556960,19797,20296,161.5437
742,-0.41634788,15.30465765,1,17,0.00213738,0.05000000,0.18704901,19814,20313,161.6530
743,-0.20704743,16.97936780,1,13,0.01617036,0.05000000,0.22436872,19827,20326,161.7353
744,-0.08816574,17.60114454,1,10,0.00872555,0.05000000,0.14098988,19837,20336,161.8028
745,0.79524666,10.85773239,1,23,0.02229405,0.05000000,0.16782908,19860,20359,161.9817
746,-0.65446247,12.75228813,1,21,0.01581626,0.05000000,0.17938941,19881,20380,162.1092
747,-0.44009629,15.13720626,1,17,0.01368362,0.05000000,0.18175586,19898,20397,162.2207
748,-0.65344522,12.77606262,1,21,0.01300876,0.05000000,0.22966692,19919,20418,162.3760
749,0.32532032,16.05762493,1,16,0.02176696,0.05000000,0.20603536,19935,20434,162.4817
750,0.65670356,11.81051392,1,23,0.00593329,0.05000000,0.18263683,19958,20457,162.6401
751,0.13618939,17.45035284,1,12,0.00015488,0.05000000,0.18814631,19970,20469,162.7135
752,0.23234222,16.58517446,1,14,0.00180162,0.05000000,0.17044570,19984,20483,162.8069
753,-0.10145599,17.40188709,1,11,0.00309002,0.05000000,0.25047453,19995,20494,162.8765
754,0.21500150,16.98821278,1,14,0.00088433,0.05000000,0.14974548,20009,20508,162.9648
755,-0.06384602,17.68021915,1,10,0.01774845,0.05000000,0.18211379,20019,20518,163.0325
756,-0.26063356,16.52184753,1,15,0.01258534,0.05000000,0.16318716,20034,20533,163.1270
757,-0.29788744,16.49936774,1,16,0.00842355,0.05000000,0.17341174,20050,20549,163.2469
758,-0.08230578,17.55146632,1,10,0.01003140,0.05000000,0.21960887,20060,20559,163.3174
759,-0.25517508,16.44108156,1,14,0.00529902,0.05000000,0.26669092,20074,20573,163.4305
760,-0.66937870,12.68075430,1,22,0.00154108,0.05000000,0.20416678,20096,20595,163.5867
761,0.79597664,10.27635381,1,23,0.00712506,0.05000000,0.20773757,20119,20618,163.7454
762,0.07232951,17.52878364,1,10,0.01375291,0.05000000,0.18149199,20129,20628,163.8098
763,0.55052200,13.96500666,1,19,0.01524448,0.05000000,0.19141546,20148,20647,163.9420
764,-0.77661565,11.27153464,1,23,0.01216900,0.05000000,0.23729217,20171,20670,164.1050
765,-0.06837835,17.62068640,1,10,0.00203337,0.05000000,0.15754643,20181,20680,164.1962
766,0.31946229,16.14347681,1,16,0.00128941,0.05000000,0.20958470,20197,20696,164.3036
767,-0.11355460,17.38786062,1,11,0.01047712,0.05000000,0.13838913,20208,20707,164.3897
768,0.32348587,16.07919674,1,16,0.00492321,0.05000000,0.23218396,20224,20723,164.4913
769,-0.15743458,17.19998159,1,12,0.00131465,0.05000000,0.25271256,20236,20735,164.5822
770,0.46040215,15.01369854,1,18,0.00665741,0.05000000,0.14787382,20254,20753,164.6963
771,0.12979993,17.24998689,1,12,0.01461183,0.05000000,0.22093369,20266,20765,164.7793
772,-0.35941946,15.93300382,1,17,0.00932580,0.05000000,0.20582922,20283,20782,164.8959
773,0.02283468,17.69014951,1,8,0.00147796,0.05000000,0.18597937,20291,20790,164.9697
774,0.22363626,16.89809250,1,14,0.01847289,0.05000000,0.19602098,20305,20804,165.0567
775,0.33736061,16.05529569,1,16,0.02471711,0.05000000,0.20233546,20321,20820,165.1556
776,-0.71535595,11.24125393,1,23,0.00797119,0.05000000,0.18038378,20344,20843,165.3034
777,-0.75276941,11.36093005,1,23,0.00472022,0.05000000,0.17138175,20367,20866,165.4635
778,-0.36097735,15.95360351,1,17,0.02120594,0.05000000,0.17580871,20384,20883,165.5798
779,0.49365927,14.48911714,1,18,0.00094817,0.05000000,0.22207222,20402,20901,165.7077
780,0.64231039,14.64469322,1,24,0.00729448,0.05000000,0.16432864,20426,20925,165.8560
781,-0.01064160,17.69396602,1,8,0.00004063,0.05000000,0.20860387,20434,20933,165.9058
782,0.04660125,17.73143928,1,9,0.00598467,0.05000000,0.23206473,20443,20942,165.9674
783,0.31765156,16.12772945,1,15,0.01460951,0.05000000,0.17572173,20458,20957,166.0654
784,-0.48986878,14.60424748,1,19,0.00900237,0.05000000,0.15799125,20477,20976,166.2211
785,-0.16218866,17.10783113,1,13,0.00488448,0.05000000,0.17729410,20490,20989,166.3694
786,0.50671507,14.52043097,1,18,0.01141856,0.05000000,0.18210614,20508,21007,166.5091
787,-0.72483835,10.19349460,1,25,0.00888259,0.05000000,0.18270604,20533,21032,166.6679
788,0.03910350,17.78765303,1,8,0.01225695,0.05000000,0.21700608,20541,21040,166.7279
789,-0.26110941,16.33592631,1,16,0.00817383,0.05000000,0.21353444,20557,21056,166.8415
790,0.19677134,16.84099629,1,13,0.01204752,0.05000000,0.21162727,20570,21069,166.9246
791,0.78766080,11.23498419,1,23,0.00854729,0.05000000,0.17448848,20593,21092,167.1043
792,0.06973818,17.76667513,1,10,0.00805153,0.05000000,0.22586722,20603,21102,167.1675
793,-0.15648367,17.23281784,1,12,0.01916419,0.05000000,0.19820873,20615,21114,167.2427
794,0.56880798,13.79428186,1,20,0.01235970,0.05000000,0.18105040,20635,21134,167.3996
795,-0.65971523,12.71815635,1,20,0.00937455,0.05000000,0.17242090,20655,21154,167.5730
796,0.25149355,16.52609183,1,14,0.02705176,0.05000000,0.16396906,20669,21168,167.7029
797,0.74582410,11.49854518,1,22,0.02188819,0.05000000,0.14242218,20691,21190,167.8401
798,-0.04726114,17.73405726,1,9,0.00325231,0.05000000,0.26349837,20700,21199,167.9151
799,0.74295799,9.99093525,1,24,0.02167209,0.05000000,0.16436937,20724,21223,168.0608
800,-0.06273454,17.71252845,1,9,0.00639495,0.05000000,0.16213595,20733,21232,168.1348
801,0.08399253,17.72654172,1,10,0.00447054,0.05000000,0.12393230,20743,21242,168.2042
802,0.74989436,11.52929470,1,23,0.03066304,0.05000000,0.22344390,20766,21265,168.3649
803,0.26182241,19.15837969,1,21,0.01194659,0.05000000,0.18008605,20787,21286,168.4952
804,0.03713661,17.78765303,1,8,0.01422383,0.05000000,0.19093747,20795,21294,168.5436
805,0.50029300,14.23744392,1,19,0.01813412,0.05000000,0.21668563,20814,21313,168.6839
806,-0.24687254,16.66198572,1,14,0.00313681,0.05000000,0.19812492,20828,21327,168.7794
807,0.07930147,17.62958477,1,10,0.01134153,0.05000000,0.15231517,20838,21337,168.8629
808,0.19194780,16.91322315,1,13,0.01562719,0.05000000,0.16488078,20851,21350,168.9490
809,-0.61876776,13.39356835,1,20,0.00928897,0.05000000,0.17194934,20871,21370,169.0702
810,0.50888647,14.46222893,1,19,0.00590669,0.05000000,0.15790866,20890,21389,169.1884
811,0.22681498,16.86073587,1,14,0.01285785,0.05000000,0.22506020,20904,21403,169.2725
812,0.13244651,17.38483979,1,12,0.00272261,0.05000000,0.17285350,20916,21415,169.3536
813,0.53199639,14.33878639,1,19,0.02301058,0.05000000,0.19434392,20935,21434,169.5108
814,0.78028804,11.25186634,1,23,0.01712917,0.05000000,0.15095631,20958,21457,169.6918
815,-0.40814570,15.37390048,1,17,0.00791156,0.05000000,0.17278009,20975,21474,169.8187
816,-0.35119618,15.92193338,1,16,0.01051770,0.05000000,0.23417300,20991,21490,169.9298
817,0.68577236,12.12867690,1,22,0.00852414,0.05000000,0.19240851,21013,21512,170.0986
818,-0.67572223,12.46389439,1,21,0.01601954,0.05000000,0.17427447,21034,21533,170.2575
819,0.55107728,13.92054467,1,20,0.01404596,0.05000000,0.19047748,21054,21553,170.4320
820,0.59650982,13.46643026,1,20,0.02746138,0.05000000,0.23351005,21074,21573,170.6283
821,0.35723171,15.85610098,1,16,0.01898694,0.05000000,0.20434318,21090,21589,170.7812
822,0.42437279,15.30333293,1,17,0.01107223,0.05000000,0.20479313,21107,21606,170.9481
823,-0.36288532,15.84736574,1,16,0.01062104,0.05000000,0.17083659,21123,21622,171.0601
824,0.57197280,13.69378318,1,20,0.00896677,0.05000000,0.22180452,21143,21642,171.2111
825,-0.30285604,16.50679141,1,16,0.00557411,0.05000000,0.18359632,21159,21658,171.3323
826,-0.00709794,17.62352399,1,8,0.01674794,0.05000000,0.19037224,21167,21666,171.3912
827,-0.10410727,17.46888638,1,11,0.01746037,0.05000000,0.21249995,21178,21677,171.4707
828,0.08281687,17.55015987,1,10,0.00924420,0.05000000,0.20298797,21188,21687,171.5465
829,-0.67776375,12.08330145,1,22,0.02073916,0.05000000,0.23604482,21210,21709,171.7071
830,-0.76980597,10.44830198,1,24,0.02225622,0.05000000,0.24377999,21234,21733,171.8629
831,0.78850061,10.43311251,1,24,0.00892185,0.05000000,0.23809378,21258,21757,172.1563
832,0.68241456,11.03679206,1,25,0.00834905,0.05000000,0.23811160,21283,21782,172.4975
833,0.13404411,17.48474065,1,12,0.01151493,0.05000000,0.14536639,21295,21794,172.6445
834,-0.21619985,16.23196645,1,16,0.01252129,0.05000000,0.19166401,21311,21810,172.8065
835,-0.08433220,20.14273909,1,16,0.01398166,0.05000000,0.16992734,21327,21826,172.9775
836,-0.35553173,15.80871899,1,16,0.03606410,0.05000000,0.23768423,21343,21842,173.1853
837,-0.02588712,17.72042022,1,8,0.00280843,0.05000000,0.24490911,21351,21850,173.2851
838,0.01010582,17.69400422,1,8,0.00047302,0.05000000,0.22704280,21359,21858,173.3793
839,-0.52309169,14.23992711,1,19,0.02225540,0.05000000,0.17062360,21378,21877,173.5773
840,-0.36940946,13.74269170,1,22,0.01313400,0.05000000,0.18201480,21400,21899,173.7911
841,0.22197713,16.80037890,1,14,0.00634813,0.05000000,0.18641726,21414,21913,173.9247
842,0.16353539,16.67210400,1,15,0.01190357,0.05000000,0.21178959,21429,21928,174.0719
843,0.02919330,17.72070319,1,8,0.00626722,0.05000000,0.16518525,21437,21936,174.1311
844,0.69049279,12.33121753,1,22,0.01258754,0.05000000,0.15689803,21459,21958,174.3049
845,-0.01528130,17.69956274,1,8,0.00922505,0.05000000,0.19082772,21467,21966,174.3724
846,0.48095302,14.85581342,1,19,0.00134745,0.05000000,0.18801212,21486,21985,174.5276
847,-0.17379099,17.01243902,1,13,0.00445325,0.05000000,0.18122964,21499,21998,174.6187
848,-0.64333549,12.03431939,1,22,0.00811322,0.05000000,0.16233671,21521,22020,174.7693
849,-0.16375393,17.05068259,1,13,0.00010394,0.05000000,0.19579651,21534,22033,174.8636
850,0.56478369,13.39648617,1,21,0.00188753,0.05000000,0.19274258,21555,22054,175.0232
851,-0.51591367,14.28556637,1,19,0.02310488,0.05000000,0.19230314,21574,22073,175.1463
852,0.14636936,17.37708674,1,12,0.00666942,0.05000000,0.18531554,21586,22085,175.2266
853,-0.67087957,12.56460303,1,21,0.00138538,0.05000000,0.20431560,21607,22106,175.3804
854,0.19736040,16.89418989,1,13,0.00718618,0.05000000,0.19169678,21620,22119,175.4672
855,0.60353042,12.22116578,1,23,0.00648523,0.05000000,0.15724420,21643,22142,175.6319
856,0.24640536,16.28592783,1,16,0.01099453,0.05000000,0.14119390,21659,22158,175.7491
857,0.77016028,11.32873182,1,22,0.00797919,0.05000000,0.18706922,21681,22180,175.9016
858,0.50241081,14.32285083,1,19,0.00108392,0.05000000,0.22345220,21700,22199,176.0512
859,-0.79144978,10.20023116,1,24,0.00228897,0.05000000,0.17617226,21724,22223,176.2176
860,0.35728898,15.80554020,1,17,0.00687974,0.05000000,0.18864065,21741,22240,176.3513
861,-0.47758683,14.59846654,1,19,0.01363161,0.05000000,0.16783726,21760,22259,176.5540
862,-0.59588994,13.56876147,1,20,0.02450661,0.05000000,0.20563213,21780,22279,176.7063
863,-0.33712275,15.93743281,1,16,0.02460657,0.05000000,0.22530705,21796,22295,176.8269
864,0.73573298,11.74608744,1,22,0.01239857,0.05000000,0.18712590,21818,22317,177.0019
865,0.70642858,12.21736184,1,21,0.00031637,0.05000000,0.19018685,21839,22338,177.1553
866,0.26980716,16.40081492,1,15,0.02732382,0.05000000,0.26850431,21854,22353,177.2620
867,0.10521147,17.35548739,1,11,0.00189400,0.05000000,0.20415883,21865,22364,177.3500
868,0.27352540,16.40612017,1,15,0.01443552,0.05000000,0.17318075,21880,22379,177.4499
869,-0.36228216,15.35698527,1,18,0.01905290,0.05000000,0.20427651,21898,22397,177.5908
870,-0.09259381,17.48529748,1,11,0.00401516,0.05000000,0.23423681,21909,22408,177.6848
871,0.78627712,11.14388254,1,23,0.01123255,0.05000000,0.24792252,21932,22431,177.8260
872,-0.41134411,15.35223759,1,17,0.02104721,0.05000000,0.18826682,21949,22448,177.9447
873,0.35804065,15.84736686,1,17,0.01285968,0.05000000,0.19535847,21966,22465,178.0628
874,-0.51848693,13.96794558,1,20,0.00195076,0.05000000,0.22854053,21986,22485,178.2063
875,-0.50565326,14.08256531,1,20,0.00978247,0.05000000,0.21524118,22006,22505,178.3452
876,-0.45327000,15.20020437,1,18,0.01272353,0.05000000,0.20497979,22024,22523,178.4894
877,-0.38114181,15.03315010,1,19,0.01774698,0.05000000,0.18799055,22043,22542,178.6299
878,0.72194849,12.08179397,1,21,0.00292463,0.05000000,0.21351342,22064,22563,178.7918
879,-0.18197165,16.92432251,1,13,0.01057909,0.05000000,0.18127095,22077,22576,178.8894
880,-0.36970645,15.91891807,1,16,0.01585861,0.05000000,0.21718561,22093,22592,179.0100
881,-0.12814839,17.45801769,1,12,0.01188386,0.05000000,0.15515524,22105,22604,179.1074
882,0.78095559,11.19967225,1,22,0.00792455,0.05000000,0.16061179,22127,22626,179.2674
883,0.61429225,13.19871233,1,20,0.01807083,0.05000000,0.19585279,22147,22646,179.4128
884,0.68214586,12.35681025,1,21,0.00038890,0.05000000,0.15389374,22168,22667,179.5691
885,-0.10665741,17.46074775,1,11,0.00168416,0.05000000,0.21186104,22179,22678,179.6435
886,0.52824605,14.19841016,1,18,0.00624153,0.05000000,0.18285787,22197,22696,179.7636
887,-0.23549403,16.75696050,1,14,0.02652733,0.05000000,0.24436947,22211,22710,179.8658
888,-0.39504619,15.42530600,1,17,0.02416673,0.05000000,0.23959188,22228,22727,179.9855
889,-0.27461023,16.38773648,1,15,0.00154053,0.05000000,0.20487401,22243,22742,180.1016
890,-0.07056890,17.53357180,1,10,0.01961820,0.05000000,0.19399856,22253,22752,180.1762
891,0.65463666,12.11136457,1,22,0.00744970,0.05000000,0.21471697,22275,22774,180.3376
892,-0.69459697,12.14287073,1,22,0.02104329,0.05000000,0.20440490,22297,22796,180.4945
893,-0.27572183,16.58747032,1,15,0.02034897,0.05000000,0.20165836,22312,22811,180.6032
894,-0.39525000,15.00338296,1,18,0.02477067,0.05000000,0.17301556,22330,22829,180.7384
895,-0.30455263,16.10461851,1,16,0.01763676,0.05000000,0.19622266,22346,22845,180.8665
896,-0.14731195,17.20461868,1,12,0.00134283,0.05000000,0.18831959,22358,22857,180.9823
897,0.49905609,14.48773840,1,19,0.00377788,0.05000000,0.17417923,22377,22876,181.1248
898,0.72754767,11.31512686,1,23,0.00928005,0.05000000,0.17663264,22400,22899,181.2841
899,-0.02330704,17.58678606,1,8,0.00692558,0.05000000,0.16316590,22408,22907,181.3414
900,-0.00090051,17.68340301,1,8,0.00970046,0.05000000,0.17352940,22416,22915,181.3954
901,-0.24177956,16.69318544,1,14,0.01318712,0.05000000,0.17763462,22430,22929,181.4890
902,0.67368574,12.59651218,1,21,0.01828220,0.05000000,0.16558378,22451,22950,181.6165
903,-0.16485862,17.21559797,1,13,0.01051097,0.05000000,0.16220624,22464,22963,181.6972
904,0.01037702,17.69400422,1,8,0.00020182,0.05000000,0.19406631,22472,22971,181.7478
905,-0.36218027,15.89702711,1,16,0.01708471,0.05000000,0.19261366,22488,22987,181.8511
906,-0.15338477,17.08552163,1,12,0.01469930,0.05000000,0.27438084,22500,22999,181.9247
907,0.20852864,17.03441743,1,14,0.01641560,0.05000000,0.20120717,22514,23013,182.0152
908,0.06170075,17.58331368,1,9,0.01351099,0.05000000,0.19318625,22523,23022,182.0735
909,-0.28399259,16.56629460,1,15,0.02342666,0.05000000,0.12984414,22538,23037,182.1866
910,0.44461273,15.05772110,1,17,0.00314828,0.05000000,0.17733565,22555,23054,182.2968
911,-0.49093869,14.55526729,1,18,0.02604925,0.05000000,0.18102936,22573,23072,182.4458
912,-0.40066801,15.38361659,1,17,0.03207111,0.05000000,0.15719288,22590,23089,182.5547
913,-0.00393860,17.68947918,1,8,0.00666238,0.05000000,0.20536953,22598,23097,182.6285
914,-0.47435198,14.65106496,1,18,0.02118268,0.05000000,0.17880510,22616,23115,182.7393
915,-0.09518940,17.51094381,1,11,0.00799354,0.05000000,0.15776356,22627,23126,182.8087
916,-0.18601120,16.85389764,1,14,0.02330318,0.05000000,0.20955891,22641,23140,182.9044
917,0.14386158,17.37966978,1,12,0.00432428,0.05000000,0.16836810,22653,23152,182.9872
918,0.18000527,16.95596210,1,13,0.00360078,0.05000000,0.16682139,22666,23165,183.0815
919,-0.70996932,11.98159656,1,21,0.01686511,0.05000000,0.14905157,22687,23186,183.2717
920,-0.08135899,17.62451956,1,11,0.01061497,0.05000000,0.19616647,22698,23197,183.3483
921,-0.32554056,16.07854338,1,16,0.01401823,0.05000000,0.12885636,22714,23213,183.4537
922,-0.36648730,15.31333829,1,18,0.01202803,0.05000000,0.14964825,22732,23231,183.5709
923,-0.12752704,17.50398508,1,12,0.01778052,0.05000000,0.23293125,22744,23243,183.6479
924,-0.71863157,11.55705968,1,28,0.02909346,0.05000000,0.17874023,22772,23271,183.8382
925,-0.27191742,16.40953345,1,14,0.03873882,0.05000000,0.18281441,22786,23285,183.9306
926,-0.04051056,17.69109598,1,8,0.00798811,0.05000000,0.24280976,22794,23293,183.9924
927,0.44309736,15.10958979,1,17,0.01386445,0.05000000,0.17115202,22811,23310,184.1101
928,0.59540465,12.09563506,1,22,0.00697278,0.05000000,0.15861825,22833,23332,184.2638
929,0.71635223,11.98191413,1,22,0.00642939,0.05000000,0.19771466,22855,23354,184.3967
930,-0.63759324,13.03185282,1,20,0.02103390,0.05000000,0.22437681,22875,23374,184.5225
931,0.43897794,15.14815369,1,18,0.01930053,0.05000000,0.20810625,22893,23392,184.6476
932,-0.12559274,17.50785369,1,12,0.01971482,0.05000000,0.12943503,22905,23404,184.7219
933,0.26766709,16.32119513,1,16,0.00081321,0.05000000,0.17578233,22921,23420,184.8375
934,-0.23142687,25.81754267,1,30,0.02401376,0.05000000,0.18935302,22951,23450,185.1082
935,0.36108236,15.88675208,1,16,0.02223725,0.05000000,0.19768140,22967,23466,185.2442
936,0.14389151,17.41281703,1,13,0.00383721,0.05000000,0.23370122,22980,23479,185.3522
937,0.12487607,17.37496061,1,11,0.00141281,0.05000000,0.15808647,22991,23490,185.4483
938,-0.26445942,16.29588716,1,15,0.02769060,0.05000000,0.18270315,23006,23505,185.5630
939,0.22314470,16.67149930,1,15,0.01244224,0.05000000,0.19544827,23021,23520,185.6650
940,-0.04462157,17.59616567,1,8,0.01607235,0.05000000,0.12686820,23029,23528,185.7502
941,-0.04594622,17.70131898,1,8,0.00255246,0.05000000,0.12802546,23037,23536,185.8417
942,0.02737981,17.72070319,1,8,0.00445373,0.05000000,0.17575155,23045,23544,185.9020
943,-0.49075856,14.54055159,1,19,0.00970707,0.05000000,0.18042550,23064,23563,186.0547
944,-0.40124858,15.45317662,1,16,0.02339430,0.05000000,0.23256036,23080,23579,186.1645
945,-0.72307042,15.92304338,1,30,0.01812457,0.05000000,0.17426097,23110,23609,186.4270
946,0.52761058,14.28908476,1,19,0.01627646,0.05000000,0.18095380,23129,23628,186.5912
947,-0.00359999,17.68880197,1,8,0.00700098,0.05000000,0.13769580,23137,23636,186.6679
948,-0.00536404,17.73916691,1,8,0.01295133,0.05000000,0.19545146,23145,23644,186.7404
949,-0.60978476,13.52350403,1,20,0.01487255,0.05000000,0.18068815,23165,23664,187.0263
950,0.31669818,16.01002042,1,16,0.00647967,0.05000000,0.22578231,23181,23680,187.3054
951,0.22381220,16.99327239,1,14,0.00849627,0.05000000,0.14080042,23195,23694,187.5007
952,-0.49235773,14.16466121,1,19,0.02122357,0.05000000,0.14674316,23214,23713,187.9096
953,-0.05797677,17.67367104,1,9,0.00475275,0.05000000,0.12477276,23223,23722,188.1181
954,-0.64926214,12.68311336,1,21,0.02764252,0.05000000,0.20492147,23244,23743,188.7435
955,-0.50650890,14.48866804,1,19,0.01371875,0.05000000,0.19823445,23263,23762,189.0496
956,0.07210697,17.51535257,1,10,0.00652926,0.05000000,0.21241735,23273,23772,189.1817
957,0.31965157,16.18069032,1,16,0.01869578,0.05000000,0.15248217,23289,23788,189.3961
958,0.44612003,14.40842464,1,19,0.01453328,0.05000000,0.13359180,23308,23807,189.5849
959,0.03421718,17.82394964,1,8,0.00050950,0.05000000,0.17645447,23316,23815,189.6611
960,0.18015189,17.00171590,1,13,0.00178835,0.05000000,0.17034744,23329,23828,189.8053
961,-0.19068614,18.73586781,1,17,0.00779256,0.05000000,0.18526138,23346,23845,189.9197
962,-0.49958821,14.52865184,1,18,0.01099087,0.05000000,0.18348427,23364,23863,190.0604
963,-0.79859128,10.81231832,1,22,0.02650326,0.05000000,0.19461822,23386,23885,190.2113
964,-0.66844932,12.67509175,1,21,0.01283358,0.05000000,0.22373699,23407,23906,190.3787
965,-0.26092571,20.25597390,1,19,0.00336140,0.05000000,0.19286172,23426,23925,190.5054
966,-0.68604010,12.24522790,1,21,0.02560884,0.05000000,0.18735418,23447,23946,190.6400
967,-0.53239560,13.36215592,1,20,0.00333776,0.05000000,0.17585787,23467,23966,190.7650
968,-0.70959926,12.08778077,1,22,0.01784378,0.05000000,0.14435998,23489,23988,190.9141
969,-0.64801235,12.76426671,1,20,0.02309670,0.05000000,0.20589264,23509,24008,191.0545
970,-0.34540026,15.90363999,1,16,0.01440951,0.05000000,0.17226145,23525,24024,191.1563
971,-0.30988723,15.85028846,1,17,0.02376787,0.05000000,0.19117898,23542,24041,191.2827
972,0.47118866,14.75126539,1,19,0.00518727,0.05000000,0.16600779,23561,24060,191.4090
973,-0.10316160,17.39677027,1,11,0.00479562,0.05000000,0.14356127,23572,24071,191.4806
974,-0.22415530,16.83783142,1,14,0.01078039,0.05000000,0.17162904,23586,24085,191.5685
975,-0.43521345,15.21331515,1,18,0.02439748,0.05000000,0.16038913,23604,24103,191.7285
976,0.66936281,12.53904446,1,21,0.00588581,0.05000000,0.16687445,23625,24124,191.8643
977,0.15036072,17.28021736,1,12,0.01483646,0.05000000,0.17093743,23637,24136,191.9354
978,-0.45291703,15.20302820,1,18,0.01307650,0.05000000,0.17659331,23655,24154,192.0417
979,0.12592039,17.50599375,1,12,0.01963866,0.05000000,0.20432953,23667,24166,192.1128
980,-0.20097897,16.96441711,1,13,0.01064966,0.05000000,0.15507507,23680,24179,192.2176
981,-0.79915737,10.87534470,1,22,0.01110122,0.05000000,0.19834358,23702,24201,192.3796
982,-0.25780947,16.34145095,1,15,0.00737432,0.05000000,0.19648076,23717,24216,192.4780
983,-0.28406085,15.94178250,1,17,0.01332460,0.05000000,0.19089471,23734,24233,192.5958
984,0.51378779,14.35896787,1,19,0.03479223,0.05000000,0.21308364,23753,24252,192.7128
985,-0.52682049,13.37833553,1,21,0.01981015,0.05000000,0.17502381,23774,24273,192.8738
986,-0.75524071,11.10398661,1,23,0.00270195,0.05000000,0.17986849,23797,24296,193.0169
987,0.50587373,14.39990935,1,19,0.01324713,0.05000000,0.17880424,23816,24315,193.1678
988,0.53884374,14.11379369,1,20,0.01104231,0.05000000,0.15806256,23836,24335,193.3035
989,-0.42101640,15.37227075,1,17,0.01032641,0.05000000,0.15982830,23853,24352,193.4106
990,0.30810706,16.40107296,1,15,0.00933113,0.05000000,0.20200857,23868,24367,193.5099
991,0.60438401,13.05563710,1,21,0.01914424,0.05000000,0.16975392,23889,24388,193.6426
992,0.52502100,14.33994579,1,19,0.01762225,0.05000000,0.20606328,23908,24407,193.7767
993,0.76841814,11.21584150,1,23,0.00852653,0.05000000,0.15430567,23931,24430,193.9345
994,-0.28817524,16.50878081,1,15,0.01420987,0.05000000,0.18121533,23946,24445,194.0405
995,-0.32950697,16.12686359,1,15,0.01513893,0.05000000,0.19711287,23961,24460,194.1311
996,-0.28426652,16.49673581,1,15,0.01775432,0.05000000,0.16708816,23976,24475,194.2250
997,-0.27718965,16.50049001,1,15,0.01138584,0.05000000,0.19110058,23991,24490,194.3160
998,0.59091662,13.56150696,1,20,0.02934287,0.05000000,0.16210922,24011,24510,194.4696
999,0.52830441,14.30275032,1,19,0.02127935,0.05000000,0.13096797,24030,24529,194.5877
1000,0.64232864,12.83420189,1,21,0.02599677,0.05000000,0.17792182,24051,24550,194.7205
