simulation_time,target_angle_rad,joint_angle_rad,joint_velocity_rad_s,angle_error_rad,commanded_torque_nm
0.002000,-0.800000,-0.002577,-1.288532,-0.797423,-17.881420
0.012000,-0.800000,-0.038279,-4.619986,-0.761721,-8.927474
0.022000,-0.800000,-0.092630,-5.821990,-0.707370,-4.963329
0.032000,-0.800000,-0.153508,-6.189559,-0.646492,-2.761797
0.042000,-0.800000,-0.214333,-5.717725,-0.585667,-1.673498
0.052000,-0.800000,-0.265324,-4.823795,-0.534676,-2.898965
0.062000,-0.800000,-0.311525,-4.520287,-0.488475,-2.686520
0.072000,-0.800000,-0.355715,-4.359896,-0.444285,-2.127138
0.082000,-0.800000,-0.398301,-4.182839,-0.401699,-1.578440
0.092000,-0.800000,-0.438765,-3.948654,-0.361235,-1.184534
0.102000,-0.800000,-0.476620,-3.672481,-0.323380,-0.931540
0.112000,-0.800000,-0.511572,-3.375914,-0.288428,-0.785420
0.122000,-0.800000,-0.543524,-3.074445,-0.256476,-0.712259
0.132000,-0.800000,-0.572481,-2.778072,-0.227519,-0.694829
0.142000,-0.800000,-0.598559,-2.496763,-0.201441,-0.708906
0.152000,-0.800000,-0.621937,-2.234293,-0.178063,-0.741996
0.162000,-0.800000,-0.642804,-1.990726,-0.157196,-0.789338
0.172000,-0.800000,-0.661349,-1.766485,-0.138651,-0.847628
0.182000,-0.800000,-0.677775,-1.562630,-0.122225,-0.910445
0.192000,-0.800000,-0.692283,-1.378968,-0.107717,-0.973773
0.202000,-0.800000,-0.705072,-1.214603,-0.094928,-1.035182
0.212000,-0.800000,-0.716325,-1.068124,-0.083675,-1.093379
0.222000,-0.800000,-0.726211,-0.937693,-0.073789,-1.148691
0.232000,-0.800000,-0.734885,-0.822370,-0.065115,-1.199803
0.242000,-0.800000,-0.742488,-0.720741,-0.057512,-1.246321
0.252000,-0.800000,-0.749150,-0.631302,-0.050850,-1.288500
0.262000,-0.800000,-0.754977,-0.551454,-0.045023,-1.328513
0.272000,-0.800000,-0.760061,-0.480970,-0.039939,-1.366287
0.282000,-0.800000,-0.764496,-0.419671,-0.035504,-1.399538
0.292000,-0.800000,-0.768368,-0.366495,-0.031632,-1.428392
0.302000,-0.800000,-0.771750,-0.320260,-0.028250,-1.453569
0.312000,-0.800000,-0.774706,-0.279798,-0.025294,-1.476137
0.322000,-0.800000,-0.777287,-0.244393,-0.022713,-1.496503
0.332000,-0.800000,-0.779542,-0.213440,-0.020458,-1.514876
0.342000,-0.800000,-0.781511,-0.186409,-0.018489,-1.531447
0.352000,-0.800000,-0.783232,-0.162829,-0.016768,-1.546383
0.362000,-0.800000,-0.784734,-0.142296,-0.015266,-1.559833
0.372000,-0.800000,-0.786049,-0.124587,-0.013951,-1.571673
0.382000,-0.800000,-0.787202,-0.109362,-0.012798,-1.581928
0.392000,-0.800000,-0.788215,-0.096257,-0.011785,-1.590850
0.402000,-0.800000,-0.789108,-0.084960,-0.010892,-1.598661
0.412000,-0.800000,-0.789905,-0.076672,-0.010095,-1.603191
0.422000,-0.800000,-0.790616,-0.066467,-0.009384,-1.610004
0.432000,-0.800000,-0.791199,-0.052793,-0.008801,-1.628826
0.442000,-0.800000,-0.791654,-0.041062,-0.008346,-1.647844
0.452000,-0.800000,-0.792009,-0.032193,-0.007991,-1.663197
0.462000,-0.800000,-0.792290,-0.025684,-0.007710,-1.675277
0.472000,-0.800000,-0.792519,-0.021212,-0.007481,-1.684204
0.482000,-0.800000,-0.792712,-0.018308,-0.007288,-1.690523
0.492000,-0.800000,-0.792882,-0.016062,-0.007118,-1.695445
0.502000,-0.800000,-0.793030,-0.013937,-0.006970,-1.700657
0.512000,-0.800000,-0.793159,-0.012365,-0.006841,-1.705122
0.522000,-0.800000,-0.793276,-0.011315,-0.006724,-1.708691
0.532000,-0.800000,-0.793385,-0.010674,-0.006615,-1.711483
0.542000,-0.800000,-0.793490,-0.010342,-0.006510,-1.713631
0.552000,-0.800000,-0.793592,-0.010244,-0.006408,-1.715233
0.562000,-0.800000,-0.793695,-0.010331,-0.006305,-1.716354
0.572000,-0.800000,-0.793800,-0.010623,-0.006200,-1.716974
0.582000,-0.800000,-0.793910,-0.011312,-0.006090,-1.716711
0.592000,-0.800000,-0.794030,-0.012565,-0.005970,-1.715044
0.602000,-0.800000,-0.794166,-0.014303,-0.005834,-1.711920
0.612000,-0.800000,-0.794321,-0.016392,-0.005679,-1.707514
0.622000,-0.800000,-0.794499,-0.018598,-0.005501,-1.702136
0.632000,-0.800000,-0.794696,-0.020377,-0.005304,-1.696960
0.642000,-0.800000,-0.794908,-0.021665,-0.005092,-1.692426
0.652000,-0.800000,-0.795130,-0.022556,-0.004870,-1.688471
0.662000,-0.800000,-0.795359,-0.023170,-0.004641,-1.684930
0.672000,-0.800000,-0.795594,-0.023615,-0.004406,-1.681619
0.682000,-0.800000,-0.795832,-0.023981,-0.004168,-1.678374
0.692000,-0.800000,-0.796074,-0.024336,-0.003926,-1.675053
0.702000,-0.800000,-0.796320,-0.024732,-0.003680,-1.671537
0.712000,-0.800000,-0.796570,-0.025209,-0.003430,-1.667725
0.722000,-0.800000,-0.796825,-0.025795,-0.003175,-1.663531
0.732000,-0.800000,-0.797087,-0.026508,-0.002913,-1.658883
0.742000,-0.800000,-0.797358,-0.027362,-0.002642,-1.653721
0.752000,-0.800000,-0.797637,-0.028366,-0.002363,-1.647989
0.762000,-0.800000,-0.797928,-0.029524,-0.002072,-1.641640
0.772000,-0.800000,-0.798231,-0.030839,-0.001769,-1.634632
0.782000,-0.800000,-0.798548,-0.032312,-0.001452,-1.626927
0.792000,-0.800000,-0.798880,-0.033942,-0.001120,-1.618488
0.802000,-0.800000,-0.799230,-0.035729,-0.000770,-1.609282
0.812000,-0.800000,-0.799599,-0.037663,-0.000401,-1.599284
0.822000,-0.800000,-0.799988,-0.039732,-0.000012,-1.588493
0.832000,-0.800000,-0.800399,-0.041935,0.000399,-1.576884
0.842000,-0.800000,-0.800832,-0.044280,0.000832,-1.564413
0.852000,-0.800000,-0.801290,-0.046772,0.001290,-1.551039
0.862000,-0.800000,-0.801773,-0.049411,0.001773,-1.536726
0.872000,-0.800000,-0.802284,-0.052195,0.002284,-1.521448
0.882000,-0.800000,-0.802823,-0.055120,0.002823,-1.505182
0.892000,-0.800000,-0.803393,-0.058180,0.003393,-1.487910
0.902000,-0.800000,-0.803993,-0.061372,0.003993,-1.469616
0.912000,-0.800000,-0.804627,-0.064691,0.004627,-1.450284
0.922000,-0.800000,-0.805294,-0.068131,0.005294,-1.429899
0.932000,-0.800000,-0.805997,-0.071690,0.005997,-1.408449
0.942000,-0.800000,-0.806736,-0.075362,0.006736,-1.385921
0.952000,-0.800000,-0.807512,-0.079149,0.007512,-1.362303
0.962000,-0.800000,-0.808329,-0.084242,0.008329,-1.337573
0.972000,-0.800000,-0.809266,-0.099113,0.009266,-1.293979
0.982000,-0.800000,-0.810284,-0.098530,0.010284,-1.263003
0.992000,-0.800000,-0.811310,-0.106881,0.011310,-1.227183
1.002000,-0.800000,-0.812339,-0.101161,0.012339,-1.218119
1.012000,-0.800000,-0.813352,-0.100291,0.013352,-1.194218
1.022000,-0.800000,-0.814315,-0.093191,0.014315,-1.186230
1.032000,-0.800000,-0.815198,-0.084790,0.015198,-1.183765
1.042000,-0.800000,-0.815994,-0.076284,0.015994,-1.183686
1.052000,-0.800000,-0.816710,-0.068594,0.016710,-1.184111
1.062000,-0.800000,-0.817357,-0.062410,0.017357,-1.183351
1.072000,-0.800000,-0.817954,-0.058209,0.017954,-1.179972
1.082000,-0.800000,-0.818523,-0.056248,0.018523,-1.172917
1.092000,-0.800000,-0.819086,-0.056672,0.019086,-1.161336
1.102000,-0.800000,-0.819668,-0.059538,0.019668,-1.144529
1.112000,-0.800000,-0.820293,-0.064823,0.020293,-1.121969
1.122000,-0.800000,-0.820985,-0.072453,0.020985,-1.093251
1.132000,-0.800000,-0.821767,-0.082355,0.021767,-1.058021
1.142000,-0.800000,-0.822661,-0.094362,0.022661,-1.016071
1.152000,-0.800000,-0.823688,-0.108821,0.023688,-0.967324
1.162000,-0.800000,-0.824886,-0.127083,0.024886,-0.905996
1.172000,-0.800000,-0.826264,-0.144873,0.026264,-0.841163
1.182000,-0.800000,-0.827819,-0.162714,0.027819,-0.772883
1.192000,-0.800000,-0.829588,-0.188567,0.029588,-0.686254
1.202000,-0.800000,-0.831596,-0.208209,0.031596,-0.600679
1.212000,-0.800000,-0.833769,-0.223894,0.033769,-0.520327
1.222000,-0.800000,-0.836132,-0.252383,0.036132,-0.419206
1.232000,-0.800000,-0.838677,-0.252671,0.038677,-0.352332
1.242000,-0.800000,-0.841143,-0.242340,0.041143,-0.319620
1.252000,-0.800000,-0.843520,-0.235597,0.043520,-0.285326
1.262000,-0.800000,-0.845931,-0.251719,0.045931,-0.210153
1.272000,-0.800000,-0.848461,-0.252165,0.048461,-0.148502
1.282000,-0.800000,-0.850999,-0.259845,0.050999,-0.083863
1.292000,-0.800000,-0.853578,-0.255268,0.053578,-0.033761
1.302000,-0.800000,-0.856229,-0.265499,0.056229,0.042339
1.312000,-0.800000,-0.858847,-0.263979,0.058847,0.083284
1.322000,-0.800000,-0.861475,-0.257268,0.061475,0.137784
1.332000,-0.800000,-0.864028,-0.250214,0.064028,0.176871
1.342000,-0.800000,-0.866451,-0.238553,0.066451,0.198755
1.352000,-0.800000,-0.868759,-0.227607,0.068759,0.217776
1.362000,-0.800000,-0.870928,-0.208766,0.070928,0.229540
1.372000,-0.800000,-0.873009,-0.207712,0.073009,0.254947
1.382000,-0.800000,-0.874911,-0.182017,0.074911,0.241019
1.392000,-0.800000,-0.876741,-0.183202,0.076741,0.262635
1.402000,-0.800000,-0.878394,-0.152378,0.078394,0.241144
1.412000,-0.800000,-0.877023,0.521851,0.077023,-0.798072
1.422000,-0.800000,-0.869768,0.717116,0.069768,-1.737441
1.432000,-0.800000,-0.864315,0.427354,0.064315,-1.035794
1.442000,-0.800000,-0.861255,0.240637,0.061255,-0.407805
1.452000,-0.800000,-0.859529,0.136936,0.059529,-0.041738
1.462000,-0.800000,-0.860666,-0.227974,0.060666,0.679729
1.472000,-0.800000,-0.861952,-0.020506,0.061952,0.205244
1.482000,-0.800000,-0.859746,0.386605,0.059746,-0.965622
1.492000,-0.800000,-0.853686,0.740413,0.053686,-1.971004
1.502000,-0.800000,-0.905344,-10.267021,0.105344,15.354505
1.512000,-0.800000,-1.034660,-13.689352,0.234660,25.000000
1.522000,-0.800000,-1.129773,-5.895804,0.329773,18.221701
1.532000,-0.800000,-1.156520,-1.050477,0.356520,7.838103
1.542000,-0.800000,-1.153329,0.996970,0.353329,3.075351
1.552000,-0.800000,-1.138413,1.700744,0.338413,1.231937
1.562000,-0.800000,-1.120610,1.776345,0.320610,0.834458
1.572000,-0.800000,-1.104035,1.556030,0.304035,1.095440
1.582000,-0.800000,-1.090281,1.252724,0.290281,1.533447
1.592000,-0.800000,-1.079524,0.963297,0.279524,1.917848
1.602000,-0.800000,-1.071376,0.727809,0.271376,2.264846
1.612000,-0.800000,-1.065098,0.566920,0.265098,2.456333
1.622000,-0.800000,-1.060212,0.438460,0.260212,2.602801
1.632000,-0.800000,-1.054148,0.527455,0.254148,2.183749
1.642000,-0.800000,-1.050334,0.297706,0.250334,2.589248
1.652000,-0.800000,-1.047924,0.227855,0.247924,2.696671
1.662000,-0.800000,-1.045992,0.189263,0.245992,2.725412
1.672000,-0.800000,-1.044576,0.092633,0.244576,2.845126
1.682000,-0.800000,-1.044216,-0.003236,0.244216,3.011516
1.692000,-0.800000,-1.044813,-0.094204,0.244813,3.203054
1.702000,-0.800000,-1.046150,-0.155763,0.246150,3.361041
1.712000,-0.800000,-1.047859,-0.152747,0.247859,3.475809
1.722000,-0.800000,-1.048691,-0.049679,0.248691,3.257859
1.732000,-0.800000,-1.048911,-0.007008,0.248911,3.171001
1.742000,-0.800000,-1.048824,0.016472,0.248824,3.121103
1.752000,-0.800000,-1.048594,0.026208,0.248594,3.099438
1.762000,-0.800000,-1.048321,0.020114,0.248321,3.085264
1.772000,-0.800000,-1.048295,-0.002058,0.248295,3.163773
1.782000,-0.800000,-1.048279,0.005085,0.248279,3.145072
1.792000,-0.800000,-1.048293,-0.007294,0.248293,3.157614
1.802000,-0.800000,-1.048360,-0.004827,0.248360,3.158181
1.812000,-0.800000,-1.048372,0.001257,0.248372,3.146733
1.822000,-0.800000,-1.048325,0.006898,0.248325,3.136181
1.832000,-0.800000,-1.048223,0.012453,0.248223,3.125562
1.842000,-0.800000,-1.048068,0.017425,0.248068,3.115346
1.852000,-0.800000,-1.047789,0.040399,0.247789,3.081314
1.862000,-0.800000,-1.047063,0.098055,0.247063,2.969109
1.872000,-0.800000,-1.045723,0.158398,0.245723,2.836250
1.882000,-0.800000,-1.043279,0.314101,0.243279,2.532667
1.892000,-0.800000,-1.038839,0.539686,0.238839,2.036209
1.902000,-0.800000,-1.032024,0.772265,0.232024,1.441185
1.912000,-0.800000,-1.022556,1.147499,0.222556,0.669745
1.922000,-0.800000,-1.008669,1.510562,0.208669,-0.476109
1.932000,-0.800000,-0.994394,1.329247,0.194394,-0.589958
1.942000,-0.800000,-0.981604,1.307716,0.181604,-0.614401
1.952000,-0.800000,-0.967524,1.435570,0.167524,-1.288653
1.962000,-0.800000,-0.954141,1.257642,0.154141,-1.259604
1.972000,-0.800000,-0.942489,1.116226,0.142489,-1.159988
1.982000,-0.800000,-0.934464,0.673293,0.134464,-0.489020
1.992000,-0.800000,-0.928239,0.663866,0.128239,-0.411862
